<?xml version="1.0" encoding="UTF-8"?>

<Bundle xmlns="http://hl7.org/fhir">
  <id value="11223344"/>
  <meta>
    <tag>
      <system value="http://terminology.hl7.org/CodeSystem/v3-ProcessingID"/>
      <code value="P"/>
    </tag>
  </meta>
  <type value="message"/>
  <timestamp value="2023-05-14T11:15:33+10:00"/>
  <entry>
    <fullUrl value="12345"/>
    <resource>
      <MessageHeader>
        <id value="66778899"/>
        <text>
          <status value="generated"/><div xmlns="http://www.w3.org/1999/xhtml"><p><b>Generated Narrative: MessageHeader</b><a name="66778899"> </a></p><div style="display: inline-block; background-color: #d9e0e7; padding: 6px; margin: 4px; border: 1px solid #8da1b4; border-radius: 5px; line-height: 60%"><p style="margin-bottom: 0px">Resource MessageHeader &quot;66778899&quot; </p></div><p><b>event</b>: GP Enrolment Nomination (Details: https://standards.digital.health.nz/ns/nes-event-type code FLS_ENROLMENT_NOMINATION = 'GP Enrolment Nomination', stated as 'null')</p><h3>Destinations</h3><table class="grid"><tr><td style="display: none">-</td><td><b>Name</b></td><td><b>Endpoint</b></td></tr><tr><td style="display: none">*</td><td>pmsfacid</td><td><code>edi123</code></td></tr></table><h3>Sources</h3><table class="grid"><tr><td style="display: none">-</td><td><b>Name</b></td><td><b>Software</b></td><td><b>Endpoint</b></td></tr><tr><td style="display: none">*</td><td>Mohfacid</td><td>HSAP11111</td><td><code>Mohedi</code></td></tr></table><p><b>focus</b>: </p><ul><li><a href="#Patient_ZKC4633">See above (https://api.hip-uat.digital.health.nz/fhir/nhi/v1/Patient/ZKC4633)</a></li><li><a href="#RelatedPerson_ZJM9397">See above (RelatedPerson/ZJM9397)</a></li><li><a href="#RelatedPerson_ZAA4828">See above (RelatedPerson/ZAA4828)</a></li></ul></div>
        </text>
        <eventCoding>
          <system value="https://standards.digital.health.nz/ns/nes-event-type"/>
          <code value="FLS_ENROLMENT_NOMINATION"/>
        </eventCoding>
        <destination>
          <name value="pmsfacid"/>
          <endpoint value="edi123"/>
        </destination>
        <source>
          <name value="Mohfacid"/>
          <software value="HSAP11111"/>
          <endpoint value="Mohedi"/>
        </source>
        <focus>
          <reference value="https://api.hip-uat.digital.health.nz/fhir/nhi/v1/Patient/ZKC4633"/>
        </focus>
        <focus>
          <reference value="RelatedPerson/ZJM9397"/>
        </focus>
        <focus>
          <reference value="RelatedPerson/ZAA4828"/>
        </focus>
      </MessageHeader>
    </resource>
  </entry>
  <entry>
    <fullUrl value="https://api.hip-uat.digital.health.nz/fhir/nhi/v1/Patient/ZKC4633"/>
    <resource>
      <Patient>
        <id value="ZKC4633"/>
        <meta>
          <profile value="NHIPatient"/>
        </meta>
        <text>
          <status value="extensions"/><div xmlns="http://www.w3.org/1999/xhtml"><p><b>Generated Narrative: Patient</b><a name="ZKC4633"> </a></p><div style="display: inline-block; background-color: #d9e0e7; padding: 6px; margin: 4px; border: 1px solid #8da1b4; border-radius: 5px; line-height: 60%"><p style="margin-bottom: 0px">Resource Patient &quot;ZKC4633&quot; </p><p style="margin-bottom: 0px">Profile: <code>NHIPatient</code></p></div><p><b>NZ Ethnicity</b>: Māori <span style="background: LightGoldenRodYellow; margin: 4px; border: 1px solid khaki"> (<a href="https://common-ig.hip.digital.health.nz/site/CodeSystem-ethnic05-2.0.html">Level 4 ethnicity codes[2.0]</a>#21111)</span></p><p><b>identifier</b>: id: NHI#ZKC4633 (use: OFFICIAL)</p><p><b>name</b>: Baby of Jane Aufderhar </p><p><b>gender</b>: female</p><p><b>birthDate</b>: 2023-05-25</p><p><b>address</b>: 23 Thule St Waipu </p></div>
        </text>
        <extension url="http://hl7.org.nz/fhir/StructureDefinition/nz-ethnicity">
          <valueCodeableConcept>
            <coding>
              <system value="https://standards.digital.health.nz/ns/ethnic-group-level-4-code"/>
              <version value="2.0"/>
              <code value="21111"/>
              <display value="Māori"/>
            </coding>
          </valueCodeableConcept>
        </extension>
        <identifier>
          <use value="official"/>
          <system value="https://standards.digital.health.nz/ns/nhi-id"/>
          <value value="ZKC4633"/>
        </identifier>
        <name id="10">
          <extension url="http://hl7.org/fhir/StructureDefinition/iso21090-preferred">
            <valueBoolean value="true"/>
          </extension>
          <family value="Aufderhar"/>
          <given value="Baby of Jane"/>
        </name>
        <gender value="female"/>
        <birthDate value="2023-05-25"/>
        <address>
          <extension url="http://hl7.org.nz/fhir/StructureDefinition/suburb">
            <valueString value="Waipu river"/>
          </extension>
          <line value="23 Thule St"/>
          <city value="Waipu"/>
        </address>
      </Patient>
    </resource>
  </entry>
  <entry>
    <fullUrl value="RelatedPerson/ZJM9397"/>
    <resource>
      <RelatedPerson>
        <id value="ZJM9397"/>
        <text>
          <status value="generated"/><div xmlns="http://www.w3.org/1999/xhtml"><p><b>Generated Narrative: RelatedPerson</b><a name="ZJM9397"> </a></p><div style="display: inline-block; background-color: #d9e0e7; padding: 6px; margin: 4px; border: 1px solid #8da1b4; border-radius: 5px; line-height: 60%"><p style="margin-bottom: 0px">Resource RelatedPerson &quot;ZJM9397&quot; </p></div><p><b>identifier</b>: id: NHI#ZJM9397 (use: OFFICIAL)</p><p><b>patient</b>: <a href="#Patient_ZKC4633">See above (https://api.hip-uat.digital.health.nz/fhir/nhi/v1/Patient/ZKC4633)</a></p><p><b>relationship</b>: mother <span style="background: LightGoldenRodYellow; margin: 4px; border: 1px solid khaki"> (<a href="http://terminology.hl7.org/5.0.0/CodeSystem-v3-RoleCode.html">RoleCode</a>#MTH)</span></p><p><b>name</b>: Mary Jones </p></div>
        </text>
        <identifier>
          <use value="official"/>
          <system value="https://standards.digital.health.nz/ns/nhi-id"/>
          <value value="ZJM9397"/>
        </identifier>
        <patient>
          <reference value="https://api.hip-uat.digital.health.nz/fhir/nhi/v1/Patient/ZKC4633"/>
        </patient>
        <relationship>
          <coding>
            <system value="http://terminology.hl7.org/CodeSystem/v3-RoleCode"/>
            <code value="MTH"/>
          </coding>
        </relationship>
        <name>
          <extension url="http://hl7.org/fhir/StructureDefinition/iso21090-preferred">
            <valueBoolean value="true"/>
          </extension>
          <family value="Jones"/>
          <given value="Mary"/>
        </name>
      </RelatedPerson>
    </resource>
  </entry>
  <entry>
    <fullUrl value="RelatedPerson/ZAA4828"/>
    <resource>
      <RelatedPerson>
        <id value="ZAA4828"/>
        <text>
          <status value="generated"/><div xmlns="http://www.w3.org/1999/xhtml"><p><b>Generated Narrative: RelatedPerson</b><a name="ZAA4828"> </a></p><div style="display: inline-block; background-color: #d9e0e7; padding: 6px; margin: 4px; border: 1px solid #8da1b4; border-radius: 5px; line-height: 60%"><p style="margin-bottom: 0px">Resource RelatedPerson &quot;ZAA4828&quot; </p></div><p><b>identifier</b>: id: NHI#ZAA4828 (use: OFFICIAL)</p><p><b>patient</b>: <a href="#Patient_ZKC4633">See above (https://api.hip-uat.digital.health.nz/fhir/nhi/v1/Patient/ZKC4633)</a></p><p><b>relationship</b>: mother <span style="background: LightGoldenRodYellow; margin: 4px; border: 1px solid khaki"> (<a href="http://terminology.hl7.org/5.0.0/CodeSystem-v3-RoleCode.html">RoleCode</a>#MTH)</span></p><p><b>name</b>: Albert Brown </p></div>
        </text>
        <identifier>
          <use value="official"/>
          <system value="https://standards.digital.health.nz/ns/nhi-id"/>
          <value value="ZAA4828"/>
        </identifier>
        <patient>
          <reference value="https://api.hip-uat.digital.health.nz/fhir/nhi/v1/Patient/ZKC4633"/>
        </patient>
        <relationship>
          <coding>
            <system value="http://terminology.hl7.org/CodeSystem/v3-RoleCode"/>
            <code value="MTH"/>
          </coding>
        </relationship>
        <name>
          <family value="Brown"/>
          <given value="Albert"/>
        </name>
      </RelatedPerson>
    </resource>
  </entry>
</Bundle>