<?xml version="1.0" encoding="UTF-8"?>

<Bundle xmlns="http://hl7.org/fhir">
  <id value="EN88776655"/>
  <identifier>
    <system value="https://standards.digital.health.nz/ns/nes-enrolment-id"/>
    <value value="EN667788899"/>
  </identifier>
  <type value="searchset"/>
  <entry>
    <resource>
      <EpisodeOfCare>
        <text>
          <status value="generated"/><div xmlns="http://www.w3.org/1999/xhtml"><p><b>Generated Narrative: EpisodeOfCare</b></p><div style="display: inline-block; background-color: #d9e0e7; padding: 6px; margin: 4px; border: 1px solid #8da1b4; border-radius: 5px; line-height: 60%"/><p><b>status</b>: active</p><p><b>type</b>: First Level Services <span style="background: LightGoldenRodYellow; margin: 4px; border: 1px solid khaki"> (<a href="https://common-ig.hip.digital.health.nz/site/CodeSystem-nes-enrolment-type-1.0.html">NES Enrolment Type</a>#FLS-NF)</span></p><p><b>patient</b>: <a href="Patient/ZAA0792">Patient/ZAA0792</a></p><p><b>careManager</b>: <a href="PractitionerRole/EnrolmentServiceProvider3">PractitionerRole/EnrolmentServiceProvider3</a></p><hr/><blockquote><p><b>Generated Narrative: PractitionerRole #EnrolmentServiceProvider3</b><a name="EnrolmentServiceProvider3"> </a></p><p><b>practitioner</b>: <a href="Practitioner/99ZZZS">Practitioner/99ZZZS: Mrs TestOne Prefix-Test</a></p><p><b>organization</b>: <a href="Organization/GZZ998-G">Organization/GZZ998-G: Live Org with Dormant</a></p><p><b>location</b>: <a href="Location/FZZ968-B">Location/FZZ968-B: Facility Has All Contact Types TEST</a></p></blockquote><hr/><blockquote><p><b>Generated Narrative: Encounter #QualifiedEncounter2</b><a name="QualifiedEncounter2"> </a></p><p><b>status</b>: finished</p><p><b>class</b>: AMB (Details: [not stated] code AMB = 'AMB', stated as 'null')</p><p><b>period</b>: 2023-08-27 --&gt; (ongoing)</p></blockquote></div>
        </text>
        <contained>
          <PractitionerRole>
            <id value="EnrolmentServiceProvider3"/>
            <practitioner>
              <reference value="Practitioner/99ZZZS"/>
              <display value="Mrs TestOne Prefix-Test"/>
            </practitioner>
            <organization>
              <reference value="Organization/GZZ998-G"/>
              <display value="Live Org with Dormant"/>
            </organization>
            <location>
              <reference value="Location/FZZ968-B"/>
              <display value="Facility Has All Contact Types TEST"/>
            </location>
          </PractitionerRole>
        </contained>
        <contained>
          <Encounter>
            <id value="QualifiedEncounter2"/>
            <status value="finished"/>
            <class>
              <code value="AMB"/>
            </class>
            <period>
              <start value="2023-08-27"/>
            </period>
          </Encounter>
        </contained>
        <extension>
          <valueDate value="2026-06-05"/>
        </extension>
        <extension>
          <valueDate value="2022-06-05"/>
        </extension>
        <extension>
          <valueReference>
            <reference value="Organization/GZZ998-G"/>
            <display value="Live Org with Dormant"/>
          </valueReference>
        </extension>
        <extension>
          <valueCodeableConcept>
            <coding>
              <code value="Transfer"/>
            </coding>
          </valueCodeableConcept>
        </extension>
        <extension>
          <valueReference>
            <reference value="QualifiedEncounter1"/>
          </valueReference>
        </extension>
        <status value="active"/>
        <type>
          <coding>
            <system value="https://standards.digital.health.nz/nes-enrolment-type"/>
            <code value="FLS-NF"/>
          </coding>
        </type>
        <patient>
          <reference value="Patient/ZAA0792"/>
        </patient>
        <careManager>
          <reference value="PractitionerRole/EnrolmentServiceProvider3"/>
        </careManager>
      </EpisodeOfCare>
    </resource>
  </entry>
  <entry>
    <resource>
      <EpisodeOfCare>
        <text>
          <status value="generated"/><div xmlns="http://www.w3.org/1999/xhtml"><p><b>Generated Narrative: EpisodeOfCare</b></p><div style="display: inline-block; background-color: #d9e0e7; padding: 6px; margin: 4px; border: 1px solid #8da1b4; border-radius: 5px; line-height: 60%"/><p><b>status</b>: active</p><p><b>type</b>: Lead Maternity Carer <span style="background: LightGoldenRodYellow; margin: 4px; border: 1px solid khaki"> (<a href="https://common-ig.hip.digital.health.nz/site/CodeSystem-nes-enrolment-type-1.0.html">NES Enrolment Type</a>#LMC)</span></p><p><b>patient</b>: <a href="Patient/ZAA0792">Patient/ZAA0792</a></p><p><b>careManager</b>: <a href="PractitionerRole/EnrolmentServiceProvider4">PractitionerRole/EnrolmentServiceProvider4</a></p><hr/><blockquote><p><b>Generated Narrative: PractitionerRole #EnrolmentServiceProvider4</b><a name="EnrolmentServiceProvider4"> </a></p><p><b>practitioner</b>: <a href="Practitioner/90ZZLC">Practitioner/90ZZLC: Corporal Maxwell Quentin Klinger</a></p><p><b>organization</b>: <a href="Organization//GZZ997-E">Organization//GZZ997-E: Another Live Org with Dormant</a></p><p><b>location</b>: <a href="Location/FZZ065-D">Location/FZZ065-D: Uncle Pats Seaside Sauna Retreat</a></p></blockquote><hr/><blockquote><p><b>Generated Narrative: Encounter #QualifiedEncounter3</b><a name="QualifiedEncounter3"> </a></p><p><b>status</b>: finished</p><p><b>class</b>: AMB (Details: [not stated] code AMB = 'AMB', stated as 'null')</p><p><b>period</b>: 2023-06-14 --&gt; (ongoing)</p></blockquote></div>
        </text>
        <contained>
          <PractitionerRole>
            <id value="EnrolmentServiceProvider4"/>
            <practitioner>
              <reference value="Practitioner/90ZZLC"/>
              <display value="Corporal Maxwell Quentin Klinger"/>
            </practitioner>
            <organization>
              <reference value="Organization//GZZ997-E"/>
              <display value="Another Live Org with Dormant"/>
            </organization>
            <location>
              <reference value="Location/FZZ065-D"/>
              <display value="Uncle Pats Seaside Sauna Retreat"/>
            </location>
          </PractitionerRole>
        </contained>
        <contained>
          <Encounter>
            <id value="QualifiedEncounter3"/>
            <status value="finished"/>
            <class>
              <code value="AMB"/>
            </class>
            <period>
              <start value="2023-06-14"/>
            </period>
          </Encounter>
        </contained>
        <extension>
          <valueDate value="2026-07-05"/>
        </extension>
        <extension>
          <valueDate value="2022-07-05"/>
        </extension>
        <extension>
          <valueReference>
            <reference value="Organization/GZZ998-G"/>
            <display value="Live Org with Dormant"/>
          </valueReference>
        </extension>
        <extension>
          <valueReference>
            <reference value="Encounter/QualifiedEncounter3"/>
          </valueReference>
        </extension>
        <status value="active"/>
        <type>
          <coding>
            <system value="https://standards.digital.health.nz/nes-enrolment-type"/>
            <code value="LMC"/>
          </coding>
        </type>
        <patient>
          <reference value="Patient/ZAA0792"/>
        </patient>
        <careManager>
          <reference value="PractitionerRole/EnrolmentServiceProvider4"/>
        </careManager>
      </EpisodeOfCare>
    </resource>
  </entry>
</Bundle>