<?xml version="1.0" encoding="UTF-8"?>

<Bundle xmlns="http://hl7.org/fhir">
  <id value="6789"/>
  <meta>
    <tag>
      <system value="http://terminology.hl7.org/CodeSystem/v3-ProcessingID"/>
      <code value="P"/>
    </tag>
  </meta>
  <type value="message"/>
  <entry>
    <fullUrl value="34567"/>
    <resource>
      <MessageHeader>
        <id value="321321321"/>
        <text>
          <status value="generated"/><div xmlns="http://www.w3.org/1999/xhtml"><a name="MessageHeader_321321321"> </a><p class="res-header-id"><b>Generated Narrative: MessageHeader 321321321</b></p><a name="321321321"> </a><a name="hc321321321"> </a><a name="hc321321321-en-US"> </a><p><b>event</b>: <a href="https://common-ig.hip.digital.health.nz/site/CodeSystem-nes-event-type-1.0.html#nes-event-type-1.0-FLS_ENROLMENT_NOMINATION_ACK">NES Event Type</a> FLS_ENROLMENT_NOMINATION_ACK: GP Enrolment Nomination Acknowledgement</p><h3>Sources</h3><table class="grid"><tr><td style="display: none">-</td><td><b>Name</b></td><td><b>Software</b></td><td><b>Endpoint</b></td></tr><tr><td style="display: none">*</td><td>facid123</td><td>HSAP22222</td><td>pmsedi</td></tr></table><h3>Responses</h3><table class="grid"><tr><td style="display: none">-</td><td><b>Identifier</b></td><td><b>Code</b></td></tr><tr><td style="display: none">*</td><td>66778899</td><td>OK</td></tr></table><p><b>focus</b>: <a href="Bundle-6789.html#OperationOutcome_error">Bundle: type = message</a></p></div>
        </text>
        <eventCoding>
          <system value="https://standards.digital.health.nz/ns/nes-event-type"/>
          <code value="FLS_ENROLMENT_NOMINATION_ACK"/>
        </eventCoding>
        <source>
          <name value="facid123"/>
          <software value="HSAP22222"/>
          <endpoint value="pmsedi"/>
        </source>
        <response>
          <identifier value="66778899"/>
          <code value="ok"/>
        </response>
        <focus>
          <reference value="OperationOutcome/error"/>
        </focus>
      </MessageHeader>
    </resource>
  </entry>
  <entry>
    <fullUrl value="OperationOutcome/error"/>
    <resource>
      <OperationOutcome>
        <id value="error"/>
        <text>
          <status value="generated"/><div xmlns="http://www.w3.org/1999/xhtml"><a name="OperationOutcome_error"> </a><p class="res-header-id"><b>Generated Narrative: OperationOutcome error</b></p><a name="error"> </a><a name="hcerror"> </a><a name="hcerror-en-US"> </a><h3>Issues</h3><table class="grid"><tr><td style="display: none">-</td><td><b>Severity</b></td><td><b>Code</b></td><td><b>Details</b></td><td><b>Diagnostics</b></td></tr><tr><td style="display: none">*</td><td>Error</td><td>Processing Failure</td><td><span title="Codes:{http://terminology.hl7.org/CodeSystem/v2-0008 AE}">Original mode: Application Error - Enhanced mode: Application acknowledgment: Error</span></td><td>problem processing NK1 segment</td></tr></table></div>
        </text>
        <issue>
          <severity value="error"/>
          <code value="processing"/>
          <details>
            <coding>
              <system value="http://terminology.hl7.org/CodeSystem/v2-0008"/>
              <code value="AE"/>
            </coding>
          </details>
          <diagnostics value="problem processing NK1 segment"/>
        </issue>
      </OperationOutcome>
    </resource>
  </entry>
</Bundle>