{
  "resourceType" : "Bundle",
  "id" : "34567",
  "meta" : {
    "tag" : [{
      "system" : "http://terminology.hl7.org/CodeSystem/v3-ProcessingID",
      "code" : "P"
    }]
  },
  "type" : "message",
  "entry" : [{
    "fullUrl" : "34567",
    "resource" : {
      "resourceType" : "MessageHeader",
      "text" : {
        "status" : "generated",
        "div" : "<div xmlns=\"http://www.w3.org/1999/xhtml\"><p><b>Generated Narrative: MessageHeader</b></p><div style=\"display: inline-block; background-color: #d9e0e7; padding: 6px; margin: 4px; border: 1px solid #8da1b4; border-radius: 5px; line-height: 60%\"/><p><b>event</b>: GP Enrolment Nomination Acknowledgement (Details: https://standards.digital.health.nz/ns/nes-event-type code FLS_ENROLMENT_NOMINATION_ACK = 'GP Enrolment Nomination Acknowledgement', stated as 'null')</p><h3>Sources</h3><table class=\"grid\"><tr><td style=\"display: none\">-</td><td><b>Name</b></td><td><b>Software</b></td><td><b>Endpoint</b></td></tr><tr><td style=\"display: none\">*</td><td>facid123</td><td>HSAP22222</td><td><code>pmsedi</code></td></tr></table><h3>Responses</h3><table class=\"grid\"><tr><td style=\"display: none\">-</td><td><b>Identifier</b></td><td><b>Code</b></td></tr><tr><td style=\"display: none\">*</td><td>66778899</td><td>ok</td></tr></table><p><b>focus</b>: <a href=\"#OperationOutcome_success\">See above (OperationOutcome/success)</a></p></div>"
      },
      "eventCoding" : {
        "system" : "https://standards.digital.health.nz/ns/nes-event-type",
        "code" : "FLS_ENROLMENT_NOMINATION_ACK"
      },
      "source" : {
        "name" : "facid123",
        "software" : "HSAP22222",
        "endpoint" : "pmsedi"
      },
      "response" : {
        "identifier" : "66778899",
        "code" : "ok"
      },
      "focus" : [{
        "reference" : "OperationOutcome/success"
      }]
    }
  },
  {
    "fullUrl" : "OperationOutcome/success",
    "resource" : {
      "resourceType" : "OperationOutcome",
      "id" : "success",
      "text" : {
        "status" : "generated",
        "div" : "<div xmlns=\"http://www.w3.org/1999/xhtml\"><p><b>Generated Narrative: OperationOutcome</b><a name=\"success\"> </a></p><div style=\"display: inline-block; background-color: #d9e0e7; padding: 6px; margin: 4px; border: 1px solid #8da1b4; border-radius: 5px; line-height: 60%\"><p style=\"margin-bottom: 0px\">Resource OperationOutcome &quot;success&quot; </p></div><h3>Issues</h3><table class=\"grid\"><tr><td style=\"display: none\">-</td><td><b>Severity</b></td><td><b>Code</b></td><td><b>Details</b></td><td><b>Diagnostics</b></td></tr><tr><td style=\"display: none\">*</td><td>information</td><td>informational</td><td>Original mode: Application Accept - Enhanced mode: Application acknowledgment: Accept <span style=\"background: LightGoldenRodYellow; margin: 4px; border: 1px solid khaki\"> (<a href=\"http://terminology.hl7.org/4.0.0/CodeSystem-v2-0008.html\">acknowledgmentCodes</a>#AA)</span></td><td>accepted</td></tr></table></div>"
      },
      "issue" : [{
        "severity" : "information",
        "code" : "informational",
        "details" : {
          "coding" : [{
            "system" : "http://terminology.hl7.org/CodeSystem/v2-0008",
            "code" : "AA"
          }]
        },
        "diagnostics" : "accepted"
      }]
    }
  }]
}