[
  {
    "id" : "EnrolmentNominationRequestMessageDefinition",
    "type" : "MessageDefinition",
    "url" : "http://hl7.org.nz/fhir/MessageDefinition/EnrolmentNominationRequestMessageDefinition",
    "version" : "1.4.2"
  },
  {
    "id" : "EnrolmentNominationResponseMessageDefinition",
    "type" : "MessageDefinition",
    "url" : "http://hl7.org.nz/fhir/MessageDefinition/EnrolmentNominationResponseMessageDefinition",
    "version" : "1.4.2"
  },
  {
    "id" : "EnrolmentNominationResponse",
    "type" : "StructureDefinition",
    "url" : "http://hl7.org.nz/fhir/StructureDefinition/EnrolmentNominationResponse",
    "version" : "1.4.2",
    "name" : "EnrolmentNominationResponse"
  },
  {
    "id" : "NesEncounter",
    "type" : "StructureDefinition",
    "url" : "http://hl7.org.nz/fhir/StructureDefinition/NesEncounter",
    "version" : "1.4.2",
    "name" : "NesEncounter"
  },
  {
    "id" : "NesEnrolment",
    "type" : "StructureDefinition",
    "url" : "http://hl7.org.nz/fhir/StructureDefinition/NesEnrolment",
    "version" : "1.4.2",
    "name" : "NesEnrolment"
  },
  {
    "id" : "NesEntitlement",
    "type" : "StructureDefinition",
    "url" : "http://hl7.org.nz/fhir/StructureDefinition/NesEntitlement",
    "version" : "1.4.2",
    "name" : "NesEntitlement"
  },
  {
    "id" : "NesPatient",
    "type" : "StructureDefinition",
    "url" : "http://hl7.org.nz/fhir/StructureDefinition/NesPatient",
    "version" : "1.4.2",
    "name" : "NesPatient"
  },
  {
    "id" : "NesPractitionerRole",
    "type" : "StructureDefinition",
    "url" : "http://hl7.org.nz/fhir/StructureDefinition/NesPractitionerRole",
    "version" : "1.4.2",
    "name" : "NesPractitionerRole"
  },
  {
    "id" : "enrolment-encounter",
    "type" : "StructureDefinition",
    "url" : "http://hl7.org.nz/fhir/StructureDefinition/enrolment-encounter",
    "version" : "1.4.2",
    "name" : "Enrolment_encounter"
  },
  {
    "id" : "enrolment-expiry-date",
    "type" : "StructureDefinition",
    "url" : "http://hl7.org.nz/fhir/StructureDefinition/enrolment-expiry-date",
    "version" : "1.4.2",
    "name" : "Enrolment_expiry_date"
  },
  {
    "id" : "enrolment-owner-org",
    "type" : "StructureDefinition",
    "url" : "http://hl7.org.nz/fhir/StructureDefinition/enrolment-owner-org",
    "version" : "1.4.2",
    "name" : "Enrolment_owner_org"
  },
  {
    "id" : "nes-enrolment-termination-reason",
    "type" : "StructureDefinition",
    "url" : "http://hl7.org.nz/fhir/StructureDefinition/nes-enrolment-termination-reason",
    "version" : "1.4.2",
    "name" : "Nes_enrolment_termination_reason"
  },
  {
    "id" : "reenrolment-date",
    "type" : "StructureDefinition",
    "url" : "http://hl7.org.nz/fhir/StructureDefinition/reenrolment-date",
    "version" : "1.4.2",
    "name" : "Reenrolment_expiry_date"
  },
  {
    "id" : "NESCapabilityStatement",
    "type" : "CapabilityStatement",
    "url" : "http://hl7.org.nz/fhir/ig/nes/CapabilityStatement/NESCapabilityStatement",
    "version" : "1.4.2"
  },
  {
    "id" : "hl7.org.nz.fhir.ig.nes",
    "type" : "ImplementationGuide",
    "url" : "http://hl7.org.nz/fhir/ig/nes/ImplementationGuide/hl7.org.nz.fhir.ig.nes",
    "version" : "1.4.2",
    "name" : "NewZealandNESIG"
  }
]
