{
  "resourceType" : "CodeSystem",
  "id" : "enrolment-nomination-result-1.0",
  "meta" : {
    "profile" : ["http://hl7.org/fhir/StructureDefinition/shareablecodesystem"]
  },
  "text" : {
    "status" : "generated",
    "div" : "<div xmlns=\"http://www.w3.org/1999/xhtml\"><p>This code system <code>https://standards.digital.health.nz/ns/enrolment-nomination-result</code> defines the following codes:</p><table class=\"codes\"><tr><td style=\"white-space:nowrap\"><b>Code</b></td><td><b>Display</b></td></tr><tr><td style=\"white-space:nowrap\">ACCEPTED<a name=\"enrolment-nomination-result-1.0-ACCEPTED\"> </a></td><td>accepted</td></tr><tr><td style=\"white-space:nowrap\">DECLINED<a name=\"enrolment-nomination-result-1.0-DECLINED\"> </a></td><td>declined</td></tr></table></div>"
  },
  "url" : "https://standards.digital.health.nz/ns/enrolment-nomination-result",
  "version" : "1.0.0-SNAPSHOT",
  "name" : "Enrolment_nomination_result_1_0",
  "title" : "Enrolment Nomination Result Code",
  "status" : "draft",
  "experimental" : false,
  "date" : "2023-05-24T00:00:00+13:00",
  "publisher" : "Te Whatu Ora",
  "contact" : [{
    "name" : "Te Whatu Ora",
    "telecom" : [{
      "system" : "email",
      "value" : "mailto:integration@health.govt.nz"
    }]
  }],
  "description" : "Enrolment Nomination Result Code.",
  "purpose" : "NES event type",
  "caseSensitive" : false,
  "versionNeeded" : false,
  "content" : "complete",
  "count" : 2,
  "concept" : [{
    "code" : "ACCEPTED",
    "display" : "accepted"
  },
  {
    "code" : "DECLINED",
    "display" : "declined"
  }]
}