URL,Version,Status,OIDs,Name,Title,Descriptino,Used
http://hl7.org/fhir/episode-of-care-status,4.0.1,draft,"2.16.840.1.113883.4.642.4.665",EpisodeOfCareStatus,EpisodeOfCareStatus,"The status of the episode of care.","ValueSet/nes-episode-of-care-status-1.0"
https://standards.digital.health.nz/nes-enrolment-termination-reason,1.0,active,,Nes_enrolment_termination_reason,NES Enrolment Termination Reason Code,"A code to describe the reason the enrolment has ended","ValueSet/nes-enrolment-termination-reason-1.0"
https://standards.digital.health.nz/nes-enrolment-type,1.0,active,,Nes_enrolment_type,NES Enrolment Type,"Describes the type of health service which the enrolment is for","ValueSet/nes-enrolment-type-1.0"
https://standards.digital.health.nz/ns/coverage-type-code,1.0.0,active,,CoverageType,Coverage type,"New Zealand codes for Coverage Types","ValueSet/coverage-type"
