<?xml version="1.0" encoding="UTF-8"?>

<CodeSystem xmlns="http://hl7.org/fhir">
  <id value="nes-enrolment-type-1.0"/>
  <meta>
    <profile value="http://hl7.org/fhir/StructureDefinition/shareablecodesystem"/>
  </meta>
  <text>
    <status value="generated"/><div xmlns="http://www.w3.org/1999/xhtml">Placeholder</div>
  </text>
  <url value="https://standards.digital.health.nz/nes-enrolment-type"/>
  <version value="1.0.0-SNAPSHOT"/>
  <name value="Nes_enrolment_type"/>
  <title value="NES Enrolment Type"/>
  <status value="active"/>
  <experimental value="false"/>
  <date value="2023-08-23T00:00:00+13:00"/>
  <publisher value="Te Whatu Ora"/>
  <contact>
    <name value="Te Whatu Ora"/>
    <telecom>
      <system value="email"/>
      <value value="mailto:integration@health.govt.nz"/>
    </telecom>
  </contact>
  <description value="Describes the type of health service which the enrolment is for"/>
  <purpose value="For use with NES Enrolments"/>
  <caseSensitive value="false"/>
  <versionNeeded value="true"/>
  <content value="complete"/>
  <count value="4"/>
  <concept>
    <code value="FLS"/>
    <display value="First Level Services"/>
    <definition value="Funded GP Enrolment"/>
  </concept>
  <concept>
    <code value="FLS-NF"/>
    <display value="First Level Services"/>
    <definition value="GP Enrolment - unfunded"/>
  </concept>
  <concept>
    <code value="LMC"/>
    <display value="Lead Maternity Carer"/>
  </concept>
  <concept>
    <code value="WCP"/>
    <display value="Well Child Provider"/>
  </concept>
</CodeSystem>