<?xml version="1.0" encoding="UTF-8"?>

<Coverage xmlns="http://hl7.org/fhir">
  <id value="EN667788899"/>
  <meta>
    <profile value="http://hl7.org.nz/fhir/StructureDefinition/NesEntitlement"/>
  </meta>
  <text>
    <status value="generated"/><div xmlns="http://www.w3.org/1999/xhtml"><p class="res-header-id"><b>Generated Narrative: Coverage EN667788899</b></p><a name="EN667788899"> </a><a name="hcEN667788899"> </a><a name="EN667788899-en-US"> </a><div style="display: inline-block; background-color: #d9e0e7; padding: 6px; margin: 4px; border: 1px solid #8da1b4; border-radius: 5px; line-height: 60%"><p style="margin-bottom: 0px"/><p style="margin-bottom: 0px">Profile: <a href="StructureDefinition-NesEntitlement.html">NES Entitlements</a></p></div><p><b>identifier</b>: <code>https://standards.digital.health.nz/ns/nes-csc-id</code>/CSC12345 (use: official, )</p><p><b>status</b>: Active</p><p><b>type</b>: <span title="Codes:{https://standards.digital.health.nz/ns/coverage-type-code csc}">Community Services Card</span></p><p><b>beneficiary</b>: <a href="Patient/ZAA0792">Patient/ZAA0792</a></p><p><b>period</b>: 2023-08-27 --&gt; 2024-08-27</p><p><b>payor</b>: <a href="Organization/GZZ998-G">Organization/GZZ998-G</a></p></div>
  </text>
  <identifier>
    <use value="official"/>
    <system value="https://standards.digital.health.nz/ns/nes-csc-id"/>
    <value value="CSC12345"/>
  </identifier>
  <status value="active"/>
  <type>
    <coding>
      <system value="https://standards.digital.health.nz/ns/coverage-type-code"/>
      <code value="csc"/>
    </coding>
  </type>
  <beneficiary>
    <reference value="Patient/ZAA0792"/>
  </beneficiary>
  <period>
    <start value="2023-08-27"/>
    <end value="2024-08-27"/>
  </period>
  <payor>
    <reference value="Organization/GZZ998-G"/>
  </payor>
</Coverage>