<?xml version="1.0" encoding="UTF-8"?>

<Coverage xmlns="http://hl7.org/fhir">
  <id value="EN5544332211"/>
  <meta>
    <profile value="http://hl7.org.nz/fhir/StructureDefinition/NesEntitlement"/>
  </meta>
  <text>
    <status value="generated"/><div xmlns="http://www.w3.org/1999/xhtml"><p><b>Generated Narrative: Coverage</b><a name="EN5544332211"> </a><a name="hcEN5544332211"> </a></p><div style="display: inline-block; background-color: #d9e0e7; padding: 6px; margin: 4px; border: 1px solid #8da1b4; border-radius: 5px; line-height: 60%"><p style="margin-bottom: 0px">Resource Coverage &quot;EN5544332211&quot; </p><p style="margin-bottom: 0px">Profile: <a href="StructureDefinition-NesEntitlement.html">NES Entitlements</a></p></div><p><b>identifier</b>: <code>https://standards.digital.health.nz/ns/nes-csc-id</code>/CSC12345 (use: official)</p><p><b>status</b>: active</p><p><b>type</b>: Community Services Card <span style="background: LightGoldenRodYellow; margin: 4px; border: 1px solid khaki"> (<a href="https://common-ig.hip.digital.health.nz/site/CodeSystem-coverage-type.html">Coverage type</a>#csc)</span></p><p><b>beneficiary</b>: <a href="Patient/ZJM9397">Patient/ZJM9397</a></p><p><b>relationship</b>: Child <span style="background: LightGoldenRodYellow; margin: 4px; border: 1px solid khaki"> (<a href="http://terminology.hl7.org/5.5.0/CodeSystem-subscriber-relationship.html">SubscriberPolicyholder Relationship Codes</a>#child)</span></p><p><b>period</b>: 2023-08-27 --&gt; 2024-08-27</p><p><b>payor</b>: <a href="Organization/GZZ998-G">Organization/GZZ998-G</a></p></div>
  </text>
  <identifier>
    <use value="official"/>
    <system value="https://standards.digital.health.nz/ns/nes-csc-id"/>
    <value value="CSC12345"/>
  </identifier>
  <status value="active"/>
  <type>
    <coding>
      <system value="https://standards.digital.health.nz/ns/coverage-type-code"/>
      <code value="csc"/>
    </coding>
  </type>
  <beneficiary>
    <reference value="Patient/ZJM9397"/>
  </beneficiary>
  <relationship>
    <coding>
      <system value="http://terminology.hl7.org/CodeSystem/subscriber-relationship"/>
      <code value="child"/>
    </coding>
  </relationship>
  <period>
    <start value="2023-08-27"/>
    <end value="2024-08-27"/>
  </period>
  <payor>
    <reference value="Organization/GZZ998-G"/>
  </payor>
</Coverage>