<?xml version="1.0" encoding="UTF-8"?>

<EpisodeOfCare xmlns="http://hl7.org/fhir">
  <id value="EN12349876"/>
  <text>
    <status value="extensions"/><div xmlns="http://www.w3.org/1999/xhtml"><p class="res-header-id"><b>Generated Narrative: EpisodeOfCare EN12349876</b></p><a name="EN12349876"> </a><a name="hcEN12349876"> </a><a name="EN12349876-en-US"> </a><p><b>Enrolment_encounter</b>: <a href="#hcEN12349876/QualifiedEncounter10">Encounter: status = finished; class = ambulatory (ActCode#AMB); period = 2023-09-27 --&gt; (ongoing)</a></p><p><b>Enrolment_expiry_date</b>: 2026-06-05</p><p><b>Reenrolment_expiry_date</b>: 2022-06-05</p><p><b>Enrolment_owner_org</b>: <a href="Organization/GZZ998-G">Live Org with Dormant</a></p><p><b>Nes_enrolment_termination_reason</b>: <span title="Codes:{https://standards.digital.health.nz/nes-enrolment-termination-reason LinkNHI}">NHI was Linked</span></p><p><b>identifier</b>: <code>https://standards.digital.health.nz/ns/nes-enrolment-id</code>/EN667788899</p><p><b>status</b>: Active</p><p><b>type</b>: <span title="Codes:{https://standards.digital.health.nz/nes-enrolment-type FLS-NF}">First Level Services</span></p><p><b>patient</b>: <a href="#hcEN12349876/ZKC4633">Rickey Amalia Aufderhar  (no stated gender), DoB: 2021-12-29</a></p><p><b>careManager</b>: <a href="#hcEN12349876/EnrolmentServiceProvider10">PractitionerRole</a></p><hr/><blockquote><p class="res-header-id"><b>Generated Narrative: PractitionerRole #EnrolmentServiceProvider10</b></p><a name="EN12349876/EnrolmentServiceProvider10"> </a><a name="hcEN12349876/EnrolmentServiceProvider10"> </a><a name="EN12349876/EnrolmentServiceProvider10-en-US"> </a><p><b>practitioner</b>: <a href="Practitioner/99ZZZS">Mrs TestOne Prefix-Test</a></p><p><b>organization</b>: <a href="Organization/GZZ998-G">Live Org with Dormant</a></p><p><b>location</b>: <a href="Location/FZZ968-B">Facility Has All Contact Types TEST</a></p></blockquote><hr/><blockquote><p class="res-header-id"><b>Generated Narrative: Encounter #QualifiedEncounter10</b></p><a name="EN12349876/QualifiedEncounter10"> </a><a name="hcEN12349876/QualifiedEncounter10"> </a><a name="EN12349876/QualifiedEncounter10-en-US"> </a><p><b>status</b>: Finished</p><p><b>class</b>: <a href="http://terminology.hl7.org/6.0.2/CodeSystem-v3-ActCode.html#v3-ActCode-AMB">ActCode AMB</a>: ambulatory</p><p><b>period</b>: 2023-09-27 --&gt; (ongoing)</p></blockquote><hr/><blockquote><p class="res-header-id"><b>Generated Narrative: Patient #ZKC4633</b></p><a name="EN12349876/ZKC4633"> </a><a name="hcEN12349876/ZKC4633"> </a><a name="EN12349876/ZKC4633-en-US"> </a><p style="border: 1px #661aff solid; background-color: #e6e6ff; padding: 10px;">Rickey Amalia Aufderhar  (no stated gender), DoB: 2021-12-29</p><hr/></blockquote></div>
  </text>
  <contained>
    <PractitionerRole>
      <id value="EnrolmentServiceProvider10"/>
      <practitioner>
        <reference value="Practitioner/99ZZZS"/>
        <display value="Mrs TestOne Prefix-Test"/>
      </practitioner>
      <organization>
        <reference value="Organization/GZZ998-G"/>
        <display value="Live Org with Dormant"/>
      </organization>
      <location>
        <reference value="Location/FZZ968-B"/>
        <display value="Facility Has All Contact Types TEST"/>
      </location>
    </PractitionerRole>
  </contained>
  <contained>
    <Encounter>
      <id value="QualifiedEncounter10"/>
      <status value="finished"/>
      <class>
        <system value="http://terminology.hl7.org/CodeSystem/v3-ActCode"/>
        <code value="AMB"/>
      </class>
      <period>
        <start value="2023-09-27"/>
      </period>
    </Encounter>
  </contained>
  <contained>
    <Patient>
      <id value="ZKC4633"/>
      <meta>
        <profile value="http://hl7.org.nz/fhir/StructureDefinition/NesPatient"/>
      </meta>
      <name>
        <family value="Aufderhar"/>
        <given value="Rickey"/>
        <given value="Amalia"/>
      </name>
      <birthDate value="2021-12-29"/>
    </Patient>
  </contained>
  <extension url="http://hl7.org.nz/fhir/StructureDefinition/enrolment-encounter">
    <valueReference>
      <reference value="#QualifiedEncounter10"/>
    </valueReference>
  </extension>
  <extension url="http://hl7.org.nz/fhir/StructureDefinition/enrolment-expiry-date">
    <valueDate value="2026-06-05"/>
  </extension>
  <extension url="http://hl7.org.nz/fhir/StructureDefinition/reenrolment-date">
    <valueDate value="2022-06-05"/>
  </extension>
  <extension url="http://hl7.org.nz/fhir/StructureDefinition/enrolment-owner-org">
    <valueReference>
      <reference value="Organization/GZZ998-G"/>
      <display value="Live Org with Dormant"/>
    </valueReference>
  </extension>
  <extension url="http://hl7.org.nz/fhir/StructureDefinition/nes-enrolment-termination-reason">
    <valueCodeableConcept>
      <coding>
        <system value="https://standards.digital.health.nz/nes-enrolment-termination-reason"/>
        <code value="LinkNHI"/>
      </coding>
      <text value="NHI was Linked"/>
    </valueCodeableConcept>
  </extension>
  <identifier>
    <system value="https://standards.digital.health.nz/ns/nes-enrolment-id"/>
    <value value="EN667788899"/>
  </identifier>
  <status value="active"/>
  <type>
    <coding>
      <system value="https://standards.digital.health.nz/nes-enrolment-type"/>
      <code value="FLS-NF"/>
    </coding>
  </type>
  <patient>
    <reference value="#ZKC4633"/>
  </patient>
  <careManager>
    <reference value="#EnrolmentServiceProvider10"/>
  </careManager>
</EpisodeOfCare>