{
  "resourceType" : "EpisodeOfCare",
  "id" : "EN667788899",
  "text" : {
    "status" : "extensions",
    "div" : "<div xmlns=\"http://www.w3.org/1999/xhtml\"><p><b>Generated Narrative: EpisodeOfCare</b><a name=\"EN667788899\"> </a></p><div style=\"display: inline-block; background-color: #d9e0e7; padding: 6px; margin: 4px; border: 1px solid #8da1b4; border-radius: 5px; line-height: 60%\"><p style=\"margin-bottom: 0px\">Resource EpisodeOfCare &quot;EN667788899&quot; </p></div><p><b>Enrolment_expiry_date</b>: 2026-06-05</p><p><b>Enrolment_owner_org</b>: <a href=\"Organization/GZZ998-G\">Organization/GZZ998-G</a></p><p><b>Nes_enrolment_termination_reason</b>: Transfer <span style=\"background: LightGoldenRodYellow; margin: 4px; border: 1px solid khaki\"> ([not stated]#Transfer)</span></p><p><b>identifier</b>: id:\u00a0EN667788899</p><p><b>status</b>: active</p><p><b>patient</b>: <a href=\"Patient/ZAA0792\">Patient/ZAA0792</a></p><p><b>careManager</b>: <a name=\"EnrolmentServiceProvider1\"> </a></p><blockquote><p/><p><a name=\"EnrolmentServiceProvider1\"> </a></p><p><b>practitioner</b>: <a href=\"Practitioner/99ZZZS\">Practitioner/99ZZZS</a></p><p><b>organization</b>: <a href=\"Organization/GZZ998-G\">Organization/GZZ998-G</a></p></blockquote><hr/><blockquote><p><b>Generated Narrative: PractitionerRole #EnrolmentServiceProvider1</b><a name=\"EnrolmentServiceProvider1\"> </a></p><p><b>practitioner</b>: <a href=\"Practitioner/99ZZZS\">Practitioner/99ZZZS</a></p><p><b>organization</b>: <a href=\"Organization/GZZ998-G\">Organization/GZZ998-G</a></p></blockquote><hr/><blockquote><p><b>Generated Narrative: Encounter #QualifiedEncounter1</b><a name=\"QualifiedEncounter1\"> </a></p><p><b>status</b>: finished</p><p><b>class</b>: AMB (Details: [not stated] code AMB = 'AMB', stated as 'null')</p><p><b>period</b>: 2023-08-27 --&gt; (ongoing)</p></blockquote></div>"
  },
  "contained" : [{
    "resourceType" : "PractitionerRole",
    "id" : "EnrolmentServiceProvider1",
    "practitioner" : {
      "reference" : "Practitioner/99ZZZS"
    },
    "organization" : {
      "reference" : "Organization/GZZ998-G"
    }
  },
  {
    "resourceType" : "Encounter",
    "id" : "QualifiedEncounter1",
    "status" : "finished",
    "class" : {
      "code" : "AMB"
    },
    "period" : {
      "start" : "2023-08-27"
    }
  }],
  "extension" : [{
    "url" : "http://hl7.org.nz/fhir/StructureDefinition/enrolment-expiry-date",
    "valueDate" : "2026-06-05"
  },
  {
    "url" : "http://hl7.org.nz/fhir/StructureDefinition/enrolment-owner-org",
    "valueReference" : {
      "reference" : "Organization/GZZ998-G"
    }
  },
  {
    "url" : "http://hl7.org.nz/fhir/StructureDefinition/nes-enrolment-termination-reason",
    "valueCodeableConcept" : {
      "coding" : [{
        "code" : "Transfer"
      }]
    }
  }],
  "identifier" : [{
    "system" : "https://standards.digital.health.nz/ns/nes-enrolment-id",
    "value" : "EN667788899"
  }],
  "status" : "active",
  "patient" : {
    "reference" : "Patient/ZAA0792"
  },
  "careManager" : {
    "reference" : "#EnrolmentServiceProvider1"
  }
}