<?xml version="1.0" encoding="UTF-8"?>

<EpisodeOfCare xmlns="http://hl7.org/fhir">
  <id value="do-not-populate-id"/>
  <text>
    <status value="extensions"/><div xmlns="http://www.w3.org/1999/xhtml"><p><b>Generated Narrative: EpisodeOfCare</b><a name="do-not-populate-id"> </a></p><div style="display: inline-block; background-color: #d9e0e7; padding: 6px; margin: 4px; border: 1px solid #8da1b4; border-radius: 5px; line-height: 60%"><p style="margin-bottom: 0px">Resource EpisodeOfCare &quot;do-not-populate-id&quot; </p></div><p><b>Enrolment_expiry_date</b>: 2026-06-05</p><p><b>Enrolment_owner_org</b>: <a href="Organization/GZZ998-G">Organization/GZZ998-G: Live Org with Dormant</a></p><p><b>status</b>: active</p><p><b>type</b>: First Level Services <span style="background: LightGoldenRodYellow; margin: 4px; border: 1px solid khaki"> (<a href="https://common-ig.hip.digital.health.nz/site/CodeSystem-nes-enrolment-type-1.0.html">NES Enrolment Type</a>#FLS)</span></p><p><b>patient</b>: <a href="Patient/PatientZKF6683">Patient/PatientZKF6683</a></p><p><b>careManager</b>: <a name="EnrolmentServiceProvider5"> </a></p><blockquote><p/><p><a name="EnrolmentServiceProvider5"> </a></p><p><b>practitioner</b>: <a href="Practitioner/99ZZZS">Practitioner/99ZZZS: Mrs TestOne Prefix-Test</a></p><p><b>organization</b>: <a href="Organization/GZZ998-G">Organization/GZZ998-G: Live Org with Dormant</a></p><p><b>location</b>: <a href="Location/FZZ968-B">Location/FZZ968-B: Facility Has All Contact Types TEST</a></p></blockquote><hr/><blockquote><p><b>Generated Narrative: PractitionerRole #EnrolmentServiceProvider5</b><a name="EnrolmentServiceProvider5"> </a></p><p><b>practitioner</b>: <a href="Practitioner/99ZZZS">Practitioner/99ZZZS: Mrs TestOne Prefix-Test</a></p><p><b>organization</b>: <a href="Organization/GZZ998-G">Organization/GZZ998-G: Live Org with Dormant</a></p><p><b>location</b>: <a href="Location/FZZ968-B">Location/FZZ968-B: Facility Has All Contact Types TEST</a></p></blockquote><hr/><blockquote><p style="border: 1px #661aff solid; background-color: #e6e6ff; padding: 10px;"><b>Francesca Mathieu </b> (no stated gender), DoB: 2000-03-03 ( id: ZJJ8114)</p><hr/></blockquote></div>
  </text>
  <contained>
    <PractitionerRole>
      <id value="EnrolmentServiceProvider5"/>
      <practitioner>
        <reference value="Practitioner/99ZZZS"/>
        <display value="Mrs TestOne Prefix-Test"/>
      </practitioner>
      <organization>
        <reference value="Organization/GZZ998-G"/>
        <display value="Live Org with Dormant"/>
      </organization>
      <location>
        <reference value="Location/FZZ968-B"/>
        <display value="Facility Has All Contact Types TEST"/>
      </location>
    </PractitionerRole>
  </contained>
  <contained>
    <Patient>
      <id value="PatientZJJ8114"/>
      <meta>
        <profile value="http://hl7.org.nz/fhir/StructureDefinition/NesPatient"/>
      </meta>
      <identifier>
        <value value="ZJJ8114"/>
      </identifier>
      <name>
        <family value="Mathieu"/>
        <given value="Francesca"/>
      </name>
      <birthDate value="2000-03-03"/>
    </Patient>
  </contained>
  <extension url="http://hl7.org.nz/fhir/StructureDefinition/enrolment-expiry-date">
    <valueDate value="2026-06-05"/>
  </extension>
  <extension url="http://hl7.org.nz/fhir/StructureDefinition/enrolment-owner-org">
    <valueReference>
      <reference value="Organization/GZZ998-G"/>
      <display value="Live Org with Dormant"/>
    </valueReference>
  </extension>
  <status value="active"/>
  <type>
    <coding>
      <system value="https://standards.digital.health.nz/nes-enrolment-type"/>
      <code value="FLS"/>
    </coding>
  </type>
  <patient>
    <reference value="Patient/PatientZKF6683"/>
  </patient>
  <careManager>
    <reference value="#EnrolmentServiceProvider5"/>
  </careManager>
</EpisodeOfCare>