<?xml version="1.0" encoding="UTF-8"?>

<EpisodeOfCare xmlns="http://hl7.org/fhir">
  <id value="EN12349876"/>
  <text>
    <status value="extensions"/><div xmlns="http://www.w3.org/1999/xhtml"><p><b>Generated Narrative: EpisodeOfCare</b><a name="EN12349876"> </a></p><div style="display: inline-block; background-color: #d9e0e7; padding: 6px; margin: 4px; border: 1px solid #8da1b4; border-radius: 5px; line-height: 60%"><p style="margin-bottom: 0px">Resource EpisodeOfCare &quot;EN12349876&quot; </p></div><p><b>Enrolment_encounter</b>: <a name="QualifiedEncounter10"> </a></p><blockquote><p/><p><a name="QualifiedEncounter10"> </a></p><p><b>status</b>: finished</p><p><b>class</b>: AMB (Details: [not stated] code AMB = 'AMB', stated as 'null')</p><p><b>period</b>: 2023-09-27 --&gt; (ongoing)</p></blockquote><p><b>Enrolment_expiry_date</b>: 2026-06-05</p><p><b>Reenrolment_expiry_date</b>: 2022-06-05</p><p><b>Enrolment_owner_org</b>: <a href="Organization/GZZ998-G">Organization/GZZ998-G: Live Org with Dormant</a></p><p><b>Nes_enrolment_termination_reason</b>: NHI was Linked <span style="background: LightGoldenRodYellow; margin: 4px; border: 1px solid khaki"> (<a href="https://common-ig.hip.digital.health.nz/site/CodeSystem-nes-enrolment-termination-reason-1.0.html">NES Enrolment Termination Reason Code</a>#LinkNHI)</span></p><p><b>identifier</b>: id: EN667788899</p><p><b>status</b>: active</p><p><b>type</b>: First Level Services <span style="background: LightGoldenRodYellow; margin: 4px; border: 1px solid khaki"> (<a href="https://common-ig.hip.digital.health.nz/site/CodeSystem-nes-enrolment-type-1.0.html">NES Enrolment Type</a>#FLS-NF)</span></p><p><b>patient</b>: <a href="Patient/PatientZJM9397">Patient/PatientZJM9397</a></p><p><b>careManager</b>: <a name="EnrolmentServiceProvider10"> </a></p><blockquote><p/><p><a name="EnrolmentServiceProvider10"> </a></p><p><b>practitioner</b>: <a href="Practitioner/99ZZZS">Practitioner/99ZZZS: Mrs TestOne Prefix-Test</a></p><p><b>organization</b>: <a href="Organization/GZZ998-G">Organization/GZZ998-G: Live Org with Dormant</a></p><p><b>location</b>: <a href="Location/FZZ968-B">Location/FZZ968-B: Facility Has All Contact Types TEST</a></p></blockquote><hr/><blockquote><p><b>Generated Narrative: PractitionerRole #EnrolmentServiceProvider10</b><a name="EnrolmentServiceProvider10"> </a></p><p><b>practitioner</b>: <a href="Practitioner/99ZZZS">Practitioner/99ZZZS: Mrs TestOne Prefix-Test</a></p><p><b>organization</b>: <a href="Organization/GZZ998-G">Organization/GZZ998-G: Live Org with Dormant</a></p><p><b>location</b>: <a href="Location/FZZ968-B">Location/FZZ968-B: Facility Has All Contact Types TEST</a></p></blockquote><hr/><blockquote><p><b>Generated Narrative: Encounter #QualifiedEncounter10</b><a name="QualifiedEncounter10"> </a></p><p><b>status</b>: finished</p><p><b>class</b>: AMB (Details: [not stated] code AMB = 'AMB', stated as 'null')</p><p><b>period</b>: 2023-09-27 --&gt; (ongoing)</p></blockquote><hr/><blockquote><p style="border: 1px #661aff solid; background-color: #e6e6ff; padding: 10px;"><b>Rickey Amalia Aufderhar </b> (no stated gender), DoB: 2021-12-29</p><hr/></blockquote></div>
  </text>
  <contained>
    <PractitionerRole>
      <id value="EnrolmentServiceProvider10"/>
      <practitioner>
        <reference value="Practitioner/99ZZZS"/>
        <display value="Mrs TestOne Prefix-Test"/>
      </practitioner>
      <organization>
        <reference value="Organization/GZZ998-G"/>
        <display value="Live Org with Dormant"/>
      </organization>
      <location>
        <reference value="Location/FZZ968-B"/>
        <display value="Facility Has All Contact Types TEST"/>
      </location>
    </PractitionerRole>
  </contained>
  <contained>
    <Encounter>
      <id value="QualifiedEncounter10"/>
      <status value="finished"/>
      <class>
        <code value="AMB"/>
      </class>
      <period>
        <start value="2023-09-27"/>
      </period>
    </Encounter>
  </contained>
  <contained>
    <Patient>
      <id value="ZKC4633"/>
      <meta>
        <profile value="http://hl7.org.nz/fhir/StructureDefinition/NesPatient"/>
      </meta>
      <name>
        <family value="Aufderhar"/>
        <given value="Rickey"/>
        <given value="Amalia"/>
      </name>
      <birthDate value="2021-12-29"/>
    </Patient>
  </contained>
  <extension url="http://hl7.org.nz/fhir/StructureDefinition/enrolment-encounter">
    <valueReference>
      <reference value="#QualifiedEncounter10"/>
    </valueReference>
  </extension>
  <extension url="http://hl7.org.nz/fhir/StructureDefinition/enrolment-expiry-date">
    <valueDate value="2026-06-05"/>
  </extension>
  <extension url="http://hl7.org.nz/fhir/StructureDefinition/reenrolment-date">
    <valueDate value="2022-06-05"/>
  </extension>
  <extension url="http://hl7.org.nz/fhir/StructureDefinition/enrolment-owner-org">
    <valueReference>
      <reference value="Organization/GZZ998-G"/>
      <display value="Live Org with Dormant"/>
    </valueReference>
  </extension>
  <extension url="http://hl7.org.nz/fhir/StructureDefinition/nes-enrolment-termination-reason">
    <valueCodeableConcept>
      <coding>
        <system value="https://standards.digital.health.nz/nes-enrolment-termination-reason"/>
        <code value="LinkNHI"/>
      </coding>
      <text value="NHI was Linked"/>
    </valueCodeableConcept>
  </extension>
  <identifier>
    <system value="https://standards.digital.health.nz/ns/nes-enrolment-id"/>
    <value value="EN667788899"/>
  </identifier>
  <status value="active"/>
  <type>
    <coding>
      <system value="https://standards.digital.health.nz/nes-enrolment-type"/>
      <code value="FLS-NF"/>
    </coding>
  </type>
  <patient>
    <reference value="Patient/PatientZJM9397"/>
  </patient>
  <careManager>
    <reference value="#EnrolmentServiceProvider10"/>
  </careManager>
</EpisodeOfCare>