<?xml version="1.0" encoding="UTF-8"?>

<EpisodeOfCare xmlns="http://hl7.org/fhir">
  <id value="EN667788899"/>
  <text>
    <status value="generated"/><div xmlns="http://www.w3.org/1999/xhtml"><p class="res-header-id"><b>Generated Narrative: EpisodeOfCare EN667788899</b></p><a name="EN667788899"> </a><a name="hcEN667788899"> </a><a name="hcEN667788899-en-US"> </a><p><b>identifier</b>: <code>https://standards.digital.health.nz/ns/nes-enrolment-id</code>/EN667788899</p><p><b>status</b>: Active</p><p><b>type</b>: <span title="Codes:{https://standards.digital.health.nz/nes-enrolment-type FLS-NF}">First Level Services</span></p><p><b>patient</b>: <a href="#hcEN667788899/ZJM9397">Jamie Joseph Ryan  (no stated gender), DoB: 1972-06-05</a></p><p><b>careManager</b>: <a href="#hcEN667788899/EnrolmentServiceProvider1">PractitionerRole</a></p><hr/><blockquote><p class="res-header-id"><b>Generated Narrative: PractitionerRole  #EnrolmentServiceProvider1</b></p><a name="EN667788899/EnrolmentServiceProvider1"> </a><a name="hcEN667788899/EnrolmentServiceProvider1"> </a><a name="hcEN667788899/EnrolmentServiceProvider1-en-US"> </a><p><b>practitioner</b>: <a href="Practitioner/99ZZZS">Mrs TestOne Prefix-Test</a></p><p><b>organization</b>: <a href="Organization/GZZ998-G">Live Org with Dormant</a></p><p><b>location</b>: <a href="Location/FZZ968-B">Facility Has All Contact Types TEST</a></p></blockquote><hr/><blockquote><p class="res-header-id"><b>Generated Narrative: Patient  #ZJM9397</b></p><a name="EN667788899/ZJM9397"> </a><a name="hcEN667788899/ZJM9397"> </a><a name="hcEN667788899/ZJM9397-en-US"> </a><p style="border: 1px #661aff solid; background-color: #e6e6ff; padding: 10px;">Jamie Joseph Ryan  (no stated gender), DoB: 1972-06-05</p><hr/></blockquote></div>
  </text>
  <contained>
    <PractitionerRole>
      <id value="EnrolmentServiceProvider1"/>
      <practitioner>
        <reference value="Practitioner/99ZZZS"/>
        <display value="Mrs TestOne Prefix-Test"/>
      </practitioner>
      <organization>
        <reference value="Organization/GZZ998-G"/>
        <display value="Live Org with Dormant"/>
      </organization>
      <location>
        <reference value="Location/FZZ968-B"/>
        <display value="Facility Has All Contact Types TEST"/>
      </location>
    </PractitionerRole>
  </contained>
  <contained>
    <Patient>
      <id value="ZJM9397"/>
      <meta>
        <profile value="http://hl7.org.nz/fhir/StructureDefinition/NesPatient"/>
      </meta>
      <name>
        <family value="Ryan"/>
        <given value="Jamie"/>
        <given value="Joseph"/>
      </name>
      <birthDate value="1972-06-05"/>
    </Patient>
  </contained>
  <extension url="http://hl7.org.nz/fhir/StructureDefinition/enrolment-expiry-date">
    <valueDate value="2026-06-05"/>
  </extension>
  <extension url="http://hl7.org.nz/fhir/StructureDefinition/reenrolment-date">
    <valueDate value="2022-06-05"/>
  </extension>
  <extension url="http://hl7.org.nz/fhir/StructureDefinition/enrolment-owner-org">
    <valueReference>
      <reference value="Organization/GZZ998-G"/>
      <display value="Live Org with Dormant"/>
    </valueReference>
  </extension>
  <extension url="http://hl7.org.nz/fhir/StructureDefinition/nes-enrolment-termination-reason">
    <valueCodeableConcept>
      <coding>
        <system value="https://standards.digital.health.nz/nes-enrolment-termination-reason"/>
        <code value="Transfer"/>
      </coding>
    </valueCodeableConcept>
  </extension>
  <extension url="http://hl7.org.nz/fhir/StructureDefinition/enrolment-encounter">
    <valueReference>
      <reference value="QualifiedEncounter1"/>
    </valueReference>
  </extension>
  <identifier>
    <system value="https://standards.digital.health.nz/ns/nes-enrolment-id"/>
    <value value="EN667788899"/>
  </identifier>
  <status value="active"/>
  <type>
    <coding>
      <system value="https://standards.digital.health.nz/nes-enrolment-type"/>
      <code value="FLS-NF"/>
    </coding>
  </type>
  <patient>
    <reference value="#ZJM9397"/>
  </patient>
  <careManager>
    <reference value="#EnrolmentServiceProvider1"/>
  </careManager>
</EpisodeOfCare>