<?xml version="1.0" encoding="UTF-8"?>

<EpisodeOfCare xmlns="http://hl7.org/fhir">
  <id value="do-not-populate-id"/>
  <text>
    <status value="generated"/><div xmlns="http://www.w3.org/1999/xhtml"><p class="res-header-id"><b>Generated Narrative: EpisodeOfCare do-not-populate-id</b></p><a name="do-not-populate-id"> </a><a name="hcdo-not-populate-id"> </a><a name="do-not-populate-id-en-US"> </a><p><b>status</b>: Active</p><p><b>type</b>: <span title="Codes:{https://standards.digital.health.nz/nes-enrolment-type FLS}">First Level Services</span></p><p><b>patient</b>: <a href="#hcdo-not-populate-id/ZJJ8114">Francesca Mathieu  (no stated gender), DoB: 2000-03-03</a></p><p><b>careManager</b>: <a href="#hcdo-not-populate-id/EnrolmentServiceProvider5">PractitionerRole</a></p><hr/><blockquote><p class="res-header-id"><b>Generated Narrative: PractitionerRole  #EnrolmentServiceProvider5</b></p><a name="do-not-populate-id/EnrolmentServiceProvider5"> </a><a name="hcdo-not-populate-id/EnrolmentServiceProvider5"> </a><a name="do-not-populate-id/EnrolmentServiceProvider5-en-US"> </a><p><b>practitioner</b>: <a href="Practitioner/99ZZZS">Mrs TestOne Prefix-Test</a></p><p><b>organization</b>: <a href="Organization/GZZ998-G">Live Org with Dormant</a></p><p><b>location</b>: <a href="Location/FZZ968-B">Facility Has All Contact Types TEST</a></p></blockquote><hr/><blockquote><p class="res-header-id"><b>Generated Narrative: Patient  #ZJJ8114</b></p><a name="do-not-populate-id/ZJJ8114"> </a><a name="hcdo-not-populate-id/ZJJ8114"> </a><a name="do-not-populate-id/ZJJ8114-en-US"> </a><p style="border: 1px #661aff solid; background-color: #e6e6ff; padding: 10px;">Francesca Mathieu  (no stated gender), DoB: 2000-03-03</p><hr/></blockquote></div>
  </text>
  <contained>
    <PractitionerRole>
      <id value="EnrolmentServiceProvider5"/>
      <practitioner>
        <reference value="Practitioner/99ZZZS"/>
        <display value="Mrs TestOne Prefix-Test"/>
      </practitioner>
      <organization>
        <reference value="Organization/GZZ998-G"/>
        <display value="Live Org with Dormant"/>
      </organization>
      <location>
        <reference value="Location/FZZ968-B"/>
        <display value="Facility Has All Contact Types TEST"/>
      </location>
    </PractitionerRole>
  </contained>
  <contained>
    <Patient>
      <id value="ZJJ8114"/>
      <meta>
        <profile value="http://hl7.org.nz/fhir/StructureDefinition/NesPatient"/>
      </meta>
      <name>
        <family value="Mathieu"/>
        <given value="Francesca"/>
      </name>
      <birthDate value="2000-03-03"/>
    </Patient>
  </contained>
  <extension url="http://hl7.org.nz/fhir/StructureDefinition/enrolment-expiry-date">
    <valueDate value="2026-06-05"/>
  </extension>
  <extension url="http://hl7.org.nz/fhir/StructureDefinition/enrolment-owner-org">
    <valueReference>
      <reference value="Organization/GZZ998-G"/>
      <display value="Live Org with Dormant"/>
    </valueReference>
  </extension>
  <status value="active"/>
  <type>
    <coding>
      <system value="https://standards.digital.health.nz/nes-enrolment-type"/>
      <code value="FLS"/>
    </coding>
  </type>
  <patient>
    <reference value="#ZJJ8114"/>
  </patient>
  <careManager>
    <reference value="#EnrolmentServiceProvider5"/>
  </careManager>
</EpisodeOfCare>