{
  "resourceType" : "EpisodeOfCare",
  "id" : "EN12349876",
  "text" : {
    "status" : "extensions",
    "div" : "<div xmlns=\"http://www.w3.org/1999/xhtml\"><p><b>Generated Narrative: EpisodeOfCare</b><a name=\"EN12349876\"> </a></p><div style=\"display: inline-block; background-color: #d9e0e7; padding: 6px; margin: 4px; border: 1px solid #8da1b4; border-radius: 5px; line-height: 60%\"><p style=\"margin-bottom: 0px\">Resource EpisodeOfCare &quot;EN12349876&quot; </p></div><p><b>Enrolment_encounter</b>: <a name=\"QualifiedEncounter10\"> </a></p><blockquote><p/><p><a name=\"QualifiedEncounter10\"> </a></p><p><b>status</b>: finished</p><p><b>class</b>: ambulatory (Details: http://terminology.hl7.org/CodeSystem/v3-ActCode code AMB = 'ambulatory', stated as 'null')</p><p><b>period</b>: 2023-09-27 --&gt; (ongoing)</p></blockquote><p><b>Enrolment_expiry_date</b>: 2026-06-05</p><p><b>Reenrolment_expiry_date</b>: 2022-06-05</p><p><b>Enrolment_owner_org</b>: <a href=\"Organization/GZZ998-G\">Organization/GZZ998-G: Live Org with Dormant</a></p><p><b>Nes_enrolment_termination_reason</b>: NHI was Linked <span style=\"background: LightGoldenRodYellow; margin: 4px; border: 1px solid khaki\"> (<a href=\"https://common-ig.hip.digital.health.nz/site/CodeSystem-nes-enrolment-termination-reason-1.0.html\">NES Enrolment Termination Reason Code</a>#LinkNHI)</span></p><p><b>identifier</b>: <code>https://standards.digital.health.nz/ns/nes-enrolment-id</code>/EN667788899</p><p><b>status</b>: active</p><p><b>type</b>: First Level Services <span style=\"background: LightGoldenRodYellow; margin: 4px; border: 1px solid khaki\"> (<a href=\"https://common-ig.hip.digital.health.nz/site/CodeSystem-nes-enrolment-type-1.0.html\">NES Enrolment Type</a>#FLS-NF)</span></p><p><b>patient</b>: <a name=\"ZKC4633\"> </a></p><blockquote><p/><p><a name=\"ZKC4633\"> </a></p><p><b>name</b>: Rickey Amalia Aufderhar </p><p><b>birthDate</b>: 2021-12-29</p></blockquote><p><b>careManager</b>: <a name=\"EnrolmentServiceProvider10\"> </a></p><blockquote><p/><p><a name=\"EnrolmentServiceProvider10\"> </a></p><p><b>practitioner</b>: <a href=\"Practitioner/99ZZZS\">Practitioner/99ZZZS: Mrs TestOne Prefix-Test</a></p><p><b>organization</b>: <a href=\"Organization/GZZ998-G\">Organization/GZZ998-G: Live Org with Dormant</a></p><p><b>location</b>: <a href=\"Location/FZZ968-B\">Location/FZZ968-B: Facility Has All Contact Types TEST</a></p></blockquote><hr/><blockquote><p><b>Generated Narrative: PractitionerRole #EnrolmentServiceProvider10</b><a name=\"EnrolmentServiceProvider10\"> </a></p><p><b>practitioner</b>: <a href=\"Practitioner/99ZZZS\">Practitioner/99ZZZS: Mrs TestOne Prefix-Test</a></p><p><b>organization</b>: <a href=\"Organization/GZZ998-G\">Organization/GZZ998-G: Live Org with Dormant</a></p><p><b>location</b>: <a href=\"Location/FZZ968-B\">Location/FZZ968-B: Facility Has All Contact Types TEST</a></p></blockquote><hr/><blockquote><p><b>Generated Narrative: Encounter #QualifiedEncounter10</b><a name=\"QualifiedEncounter10\"> </a></p><p><b>status</b>: finished</p><p><b>class</b>: ambulatory (Details: http://terminology.hl7.org/CodeSystem/v3-ActCode code AMB = 'ambulatory', stated as 'null')</p><p><b>period</b>: 2023-09-27 --&gt; (ongoing)</p></blockquote><hr/><blockquote><p style=\"border: 1px #661aff solid; background-color: #e6e6ff; padding: 10px;\"><b>Rickey Amalia Aufderhar </b> (no stated gender), DoB: 2021-12-29</p><hr/></blockquote></div>"
  },
  "contained" : [{
    "resourceType" : "PractitionerRole",
    "id" : "EnrolmentServiceProvider10",
    "practitioner" : {
      "reference" : "Practitioner/99ZZZS",
      "display" : "Mrs TestOne Prefix-Test"
    },
    "organization" : {
      "reference" : "Organization/GZZ998-G",
      "display" : "Live Org with Dormant"
    },
    "location" : [{
      "reference" : "Location/FZZ968-B",
      "display" : "Facility Has All Contact Types TEST"
    }]
  },
  {
    "resourceType" : "Encounter",
    "id" : "QualifiedEncounter10",
    "status" : "finished",
    "class" : {
      "system" : "http://terminology.hl7.org/CodeSystem/v3-ActCode",
      "code" : "AMB"
    },
    "period" : {
      "start" : "2023-09-27"
    }
  },
  {
    "resourceType" : "Patient",
    "id" : "ZKC4633",
    "meta" : {
      "profile" : ["http://hl7.org.nz/fhir/StructureDefinition/NesPatient"]
    },
    "name" : [{
      "family" : "Aufderhar",
      "given" : ["Rickey",
      "Amalia"]
    }],
    "birthDate" : "2021-12-29"
  }],
  "extension" : [{
    "url" : "http://hl7.org.nz/fhir/StructureDefinition/enrolment-encounter",
    "valueReference" : {
      "reference" : "#QualifiedEncounter10"
    }
  },
  {
    "url" : "http://hl7.org.nz/fhir/StructureDefinition/enrolment-expiry-date",
    "valueDate" : "2026-06-05"
  },
  {
    "url" : "http://hl7.org.nz/fhir/StructureDefinition/reenrolment-date",
    "valueDate" : "2022-06-05"
  },
  {
    "url" : "http://hl7.org.nz/fhir/StructureDefinition/enrolment-owner-org",
    "valueReference" : {
      "reference" : "Organization/GZZ998-G",
      "display" : "Live Org with Dormant"
    }
  },
  {
    "url" : "http://hl7.org.nz/fhir/StructureDefinition/nes-enrolment-termination-reason",
    "valueCodeableConcept" : {
      "coding" : [{
        "system" : "https://standards.digital.health.nz/nes-enrolment-termination-reason",
        "code" : "LinkNHI"
      }],
      "text" : "NHI was Linked"
    }
  }],
  "identifier" : [{
    "system" : "https://standards.digital.health.nz/ns/nes-enrolment-id",
    "value" : "EN667788899"
  }],
  "status" : "active",
  "type" : [{
    "coding" : [{
      "system" : "https://standards.digital.health.nz/nes-enrolment-type",
      "code" : "FLS-NF"
    }]
  }],
  "patient" : {
    "reference" : "#ZKC4633"
  },
  "careManager" : {
    "reference" : "#EnrolmentServiceProvider10"
  }
}