{
  "resourceType" : "Bundle",
  "id" : "61fe240e-06a8-49c6-9db5-f20e87710088",
  "meta" : {
    "lastUpdated" : "2023-06-22T00:59:52.991+00:00"
  },
  "type" : "collection",
  "entry" : [{
    "fullUrl" : "https://nzhts.digital.health.nz/fhir/ValueSet/enrolment-nomination-result",
    "resource" : {
      "resourceType" : "ValueSet",
      "text" : {
        "status" : "generated",
        "div" : "<div xmlns=\"http://www.w3.org/1999/xhtml\"><p>This value set contains 3 concepts</p><p style=\"border: black 1px dotted; background-color: #EEEEEE; padding: 8px; margin-bottom: 8px\">Expansion based on <a href=\"CodeSystem-enrolment-nomination-result-1.0.html\">Enrolment Nomination Result Code v1.0.0-SNAPSHOT (CodeSystem)</a></p><table class=\"codes\"><tr><td style=\"white-space:nowrap\"><b>Code</b></td><td><b>System</b></td><td><b>Display</b></td></tr><tr><td style=\"white-space:nowrap\"><a name=\"https---standards.digital.health.nz-ns-enrolment-nomination-result-ACCEPTED\"> </a>\u00a0\u00a0<a href=\"CodeSystem-enrolment-nomination-result-1.0.html#enrolment-nomination-result-1.0-ACCEPTED\">ACCEPTED</a></td><td>https://standards.digital.health.nz/ns/enrolment-nomination-result</td><td>accepted</td></tr><tr><td style=\"white-space:nowrap\"><a name=\"https---standards.digital.health.nz-ns-enrolment-nomination-result-DECLINED\"> </a>\u00a0\u00a0<a href=\"CodeSystem-enrolment-nomination-result-1.0.html#enrolment-nomination-result-1.0-DECLINED\">DECLINED</a></td><td>https://standards.digital.health.nz/ns/enrolment-nomination-result</td><td>declined</td></tr><tr><td style=\"white-space:nowrap\"><a name=\"https---standards.digital.health.nz-ns-enrolment-nomination-result-ERROR\"> </a>\u00a0\u00a0<a href=\"CodeSystem-enrolment-nomination-result-1.0.html#enrolment-nomination-result-1.0-ERROR\">ERROR</a></td><td>https://standards.digital.health.nz/ns/enrolment-nomination-result</td><td>error</td></tr></table></div>"
      },
      "url" : "https://nzhts.digital.health.nz/fhir/ValueSet/enrolment-nomination-result",
      "version" : "1.0.0-SNAPSHOT",
      "name" : "Enrolment_nomination_result",
      "title" : "Enrolment Nomination Result Code",
      "status" : "active",
      "date" : "2023-06-22T00:59:52+00:00",
      "expansion" : {
        "identifier" : "urn:uuid:5a38c2ae-cf28-4619-94c7-5cf67ed7a656",
        "timestamp" : "2023-06-22T01:00:30+00:00",
        "total" : 3,
        "parameter" : [{
          "name" : "excludeNested",
          "valueBoolean" : false
        },
        {
          "name" : "version",
          "valueUri" : "https://standards.digital.health.nz/ns/enrolment-nomination-result|1.0.0-SNAPSHOT"
        }],
        "contains" : [{
          "system" : "https://standards.digital.health.nz/ns/enrolment-nomination-result",
          "code" : "ACCEPTED",
          "display" : "accepted"
        },
        {
          "system" : "https://standards.digital.health.nz/ns/enrolment-nomination-result",
          "code" : "DECLINED",
          "display" : "declined"
        },
        {
          "system" : "https://standards.digital.health.nz/ns/enrolment-nomination-result",
          "code" : "ERROR",
          "display" : "error"
        }]
      }
    }
  }]
}