{
  "resourceType" : "Bundle",
  "id" : "d2f073b6-66c6-4e28-9639-a85f011654b3",
  "meta" : {
    "lastUpdated" : "2023-10-12T23:51:29.473+00:00"
  },
  "type" : "collection",
  "entry" : [{
    "fullUrl" : "https://nzhts.digital.health.nz/fhir/ValueSet/es-entitlement-identifier-code",
    "resource" : {
      "resourceType" : "ValueSet",
      "text" : {
        "status" : "generated",
        "div" : "<div xmlns=\"http://www.w3.org/1999/xhtml\"><p>This value set contains 3 concepts</p><p style=\"border: black 1px dotted; background-color: #EEEEEE; padding: 8px; margin-bottom: 8px\">Expansion based on <a href=\"CodeSystem-nes-entitlement-identifier-1.0.html\">codesystem NES Entitlement System Identifiers v1.1.0-SNAPSHOT (CodeSystem)</a></p><table class=\"codes\"><tr><td style=\"white-space:nowrap\"><b>Code</b></td><td><b>System</b></td><td><b>Display</b></td></tr><tr><td style=\"white-space:nowrap\"><a name=\"https---standards.digital.health.nz-ns-es-entitlement-identifier-code-https---standards.digital.health.nz-ns-nes-csc-id\"> </a>\u00a0\u00a0<a href=\"CodeSystem-nes-entitlement-identifier-1.0.html#nes-entitlement-identifier-1.0-https.58.47.47standards.46digital.46health.46nz.47ns.47nes-csc-id\">https://standards.digital.health.nz/ns/nes-csc-id</a></td><td>https://standards.digital.health.nz/ns/es-entitlement-identifier-code</td><td/></tr><tr><td style=\"white-space:nowrap\"><a name=\"https---standards.digital.health.nz-ns-es-entitlement-identifier-code-https---standards.digital.health.nz-ns-nes-huhc-id\"> </a>\u00a0\u00a0<a href=\"CodeSystem-nes-entitlement-identifier-1.0.html#nes-entitlement-identifier-1.0-https.58.47.47standards.46digital.46health.46nz.47ns.47nes-huhc-id\">https://standards.digital.health.nz/ns/nes-huhc-id</a></td><td>https://standards.digital.health.nz/ns/es-entitlement-identifier-code</td><td/></tr><tr><td style=\"white-space:nowrap\"><a name=\"https---standards.digital.health.nz-ns-es-entitlement-identifier-code-https---standards.digital.health.nz-ns-nes-psc-id\"> </a>\u00a0\u00a0<a href=\"CodeSystem-nes-entitlement-identifier-1.0.html#nes-entitlement-identifier-1.0-https.58.47.47standards.46digital.46health.46nz.47ns.47nes-psc-id\">https://standards.digital.health.nz/ns/nes-psc-id</a></td><td>https://standards.digital.health.nz/ns/es-entitlement-identifier-code</td><td/></tr></table></div>"
      },
      "url" : "https://nzhts.digital.health.nz/fhir/ValueSet/es-entitlement-identifier-code",
      "version" : "1.1.0-SNAPSHOT",
      "name" : "Nes_Entitlement_Identifier",
      "title" : "NES Entitlement System Identifiers",
      "status" : "active",
      "date" : "2020-12-18T23:08:15+00:00",
      "expansion" : {
        "identifier" : "urn:uuid:c6d2ab63-c758-4a39-88a3-2c7d24af7385",
        "timestamp" : "2023-10-12T23:52:20+00:00",
        "total" : 3,
        "parameter" : [{
          "name" : "excludeNested",
          "valueBoolean" : false
        },
        {
          "name" : "warning-draft",
          "valueUri" : "https://standards.digital.health.nz/ns/es-entitlement-identifier-code|1.1.0-SNAPSHOT"
        },
        {
          "name" : "used-codesystem",
          "valueUri" : "https://standards.digital.health.nz/ns/es-entitlement-identifier-code|1.1.0-SNAPSHOT"
        }],
        "contains" : [{
          "system" : "https://standards.digital.health.nz/ns/es-entitlement-identifier-code",
          "code" : "https://standards.digital.health.nz/ns/nes-csc-id"
        },
        {
          "system" : "https://standards.digital.health.nz/ns/es-entitlement-identifier-code",
          "code" : "https://standards.digital.health.nz/ns/nes-huhc-id"
        },
        {
          "system" : "https://standards.digital.health.nz/ns/es-entitlement-identifier-code",
          "code" : "https://standards.digital.health.nz/ns/nes-psc-id"
        }]
      }
    }
  },
  {
    "fullUrl" : "https://nzhts.digital.health.nz/fhir/ValueSet/nes-episode-of-care-status",
    "resource" : {
      "resourceType" : "ValueSet",
      "meta" : {
        "profile" : ["http://hl7.org/fhir/StructureDefinition/shareablevalueset"]
      },
      "text" : {
        "status" : "generated",
        "div" : "<div xmlns=\"http://www.w3.org/1999/xhtml\"><p>This value set contains 4 concepts</p><p style=\"border: black 1px dotted; background-color: #EEEEEE; padding: 8px; margin-bottom: 8px\">Expansion based on <a href=\"http://hl7.org/fhir/R4/codesystem-episode-of-care-status.html\">codesystem EpisodeOfCareStatus v4.0.1 (CodeSystem)</a></p><table class=\"codes\"><tr><td style=\"white-space:nowrap\"><b>Code</b></td><td><b>System</b></td><td><b>Display</b></td><td><b>Definition</b></td></tr><tr><td style=\"white-space:nowrap\"><a name=\"http---hl7.org-fhir-episode-of-care-status-planned\"> </a>\u00a0\u00a0<a href=\"http://hl7.org/fhir/R4/codesystem-episode-of-care-status.html#episode-of-care-status-planned\">planned</a></td><td>http://hl7.org/fhir/episode-of-care-status</td><td>Planned</td><td><div><p>This episode of care is planned to start at the date specified in the period.start. During this status, an organization may perform assessments to determine if the patient is eligible to receive services, or be organizing to make resources available to provide care services.</p>\n</div></td></tr><tr><td style=\"white-space:nowrap\"><a name=\"http---hl7.org-fhir-episode-of-care-status-waitlist\"> </a>\u00a0\u00a0<a href=\"http://hl7.org/fhir/R4/codesystem-episode-of-care-status.html#episode-of-care-status-waitlist\">waitlist</a></td><td>http://hl7.org/fhir/episode-of-care-status</td><td>Waitlist</td><td><div><p>This episode has been placed on a waitlist, pending the episode being made active (or cancelled).</p>\n</div></td></tr><tr><td style=\"white-space:nowrap\"><a name=\"http---hl7.org-fhir-episode-of-care-status-active\"> </a>\u00a0\u00a0<a href=\"http://hl7.org/fhir/R4/codesystem-episode-of-care-status.html#episode-of-care-status-active\">active</a></td><td>http://hl7.org/fhir/episode-of-care-status</td><td>Active</td><td><div><p>This episode of care is current.</p>\n</div></td></tr><tr><td style=\"white-space:nowrap\"><a name=\"http---hl7.org-fhir-episode-of-care-status-finished\"> </a>\u00a0\u00a0<a href=\"http://hl7.org/fhir/R4/codesystem-episode-of-care-status.html#episode-of-care-status-finished\">finished</a></td><td>http://hl7.org/fhir/episode-of-care-status</td><td>Finished</td><td><div><p>This episode of care is finished and the organization is not expecting to be providing further care to the patient. Can also be known as &quot;closed&quot;, &quot;completed&quot; or other similar terms.</p>\n</div></td></tr></table></div>"
      },
      "url" : "https://nzhts.digital.health.nz/fhir/ValueSet/nes-episode-of-care-status",
      "version" : "1.1.0-SNAPSHOT",
      "name" : "Nes_episode_of_care_status",
      "title" : "NES Enrolment Status",
      "status" : "active",
      "experimental" : false,
      "date" : "2023-10-09T00:00:00+13:00",
      "expansion" : {
        "identifier" : "urn:uuid:15568a04-fe52-47b4-a565-1f1cd8fb86df",
        "timestamp" : "2023-10-12T23:52:20+00:00",
        "total" : 4,
        "parameter" : [{
          "name" : "excludeNested",
          "valueBoolean" : false
        },
        {
          "name" : "warning-draft",
          "valueUri" : "http://hl7.org/fhir/episode-of-care-status|4.0.1"
        },
        {
          "name" : "used-codesystem",
          "valueUri" : "http://hl7.org/fhir/episode-of-care-status|4.0.1"
        }],
        "contains" : [{
          "system" : "http://hl7.org/fhir/episode-of-care-status",
          "code" : "planned",
          "display" : "Planned"
        },
        {
          "system" : "http://hl7.org/fhir/episode-of-care-status",
          "code" : "waitlist",
          "display" : "Waitlist"
        },
        {
          "system" : "http://hl7.org/fhir/episode-of-care-status",
          "code" : "active",
          "display" : "Active"
        },
        {
          "system" : "http://hl7.org/fhir/episode-of-care-status",
          "code" : "finished",
          "display" : "Finished"
        }]
      }
    }
  }]
}