<?xml version="1.0" encoding="UTF-8"?>

<Bundle xmlns="http://hl7.org/fhir">
  <id value="6b4679cd-79c3-4087-a7de-4bcb0cc37877"/>
  <meta>
    <lastUpdated value="2023-06-22T03:42:02.374+00:00"/>
  </meta>
  <type value="collection"/>
  <entry>
    <fullUrl value="https://nzhts.digital.health.nz/fhir/ValueSet/enrolment-nomination-result"/>
    <resource>
      <ValueSet>
        <text>
          <status value="generated"/>
          <div xmlns="http://www.w3.org/1999/xhtml">
            <p>This value set contains 3 concepts</p>
            <p style="border: black 1px dotted; background-color: #EEEEEE; padding: 8px; margin-bottom: 8px">Expansion based on 
              <a href="CodeSystem-enrolment-nomination-result-1.0.html">Enrolment Nomination Result Code v1.0.0-SNAPSHOT (CodeSystem)</a>
            </p>
            <table class="codes">
              <tr>
                <td style="white-space:nowrap">
                  <b>Code</b>
                </td>
                <td>
                  <b>System</b>
                </td>
                <td>
                  <b>Display</b>
                </td>
              </tr>
              <tr>
                <td style="white-space:nowrap">
                  <a name="https---standards.digital.health.nz-ns-enrolment-nomination-result-ACCEPTED"> </a>  
                  <a href="CodeSystem-enrolment-nomination-result-1.0.html#enrolment-nomination-result-1.0-ACCEPTED">ACCEPTED</a>
                </td>
                <td>https://standards.digital.health.nz/ns/enrolment-nomination-result</td>
                <td>accepted</td>
              </tr>
              <tr>
                <td style="white-space:nowrap">
                  <a name="https---standards.digital.health.nz-ns-enrolment-nomination-result-DECLINED"> </a>  
                  <a href="CodeSystem-enrolment-nomination-result-1.0.html#enrolment-nomination-result-1.0-DECLINED">DECLINED</a>
                </td>
                <td>https://standards.digital.health.nz/ns/enrolment-nomination-result</td>
                <td>declined</td>
              </tr>
              <tr>
                <td style="white-space:nowrap">
                  <a name="https---standards.digital.health.nz-ns-enrolment-nomination-result-ERROR"> </a>  
                  <a href="CodeSystem-enrolment-nomination-result-1.0.html#enrolment-nomination-result-1.0-ERROR">ERROR</a>
                </td>
                <td>https://standards.digital.health.nz/ns/enrolment-nomination-result</td>
                <td>error</td>
              </tr>
            </table>
          </div>
        </text>
        <url value="https://nzhts.digital.health.nz/fhir/ValueSet/enrolment-nomination-result"/>
        <version value="1.0.0-SNAPSHOT"/>
        <name value="Enrolment_nomination_result"/>
        <title value="Enrolment Nomination Result Code"/>
        <status value="active"/>
        <date value="2023-06-22T03:42:02+00:00"/>
        <expansion>
          <identifier value="urn:uuid:c794b3c8-25ff-4c48-bbff-6ab81d4f3eae"/>
          <timestamp value="2023-06-22T03:42:37+00:00"/>
          <total value="3"/>
          <parameter>
            <name value="excludeNested"/>
            <valueBoolean value="false"/>
          </parameter>
          <parameter>
            <name value="version"/>
            <valueUri value="https://standards.digital.health.nz/ns/enrolment-nomination-result|1.0.0-SNAPSHOT"/>
          </parameter>
          <contains>
            <system value="https://standards.digital.health.nz/ns/enrolment-nomination-result"/>
            <code value="ACCEPTED"/>
            <display value="accepted"/>
          </contains>
          <contains>
            <system value="https://standards.digital.health.nz/ns/enrolment-nomination-result"/>
            <code value="DECLINED"/>
            <display value="declined"/>
          </contains>
          <contains>
            <system value="https://standards.digital.health.nz/ns/enrolment-nomination-result"/>
            <code value="ERROR"/>
            <display value="error"/>
          </contains>
        </expansion>
      </ValueSet>
    </resource>
  </entry>
</Bundle>