<?xml version="1.0" encoding="UTF-8"?>

<Bundle xmlns="http://hl7.org/fhir">
  <id value="da061ade-a9a2-4cbb-8493-7750ce021f26"/>
  <meta>
    <lastUpdated value="2023-10-09T01:04:41.945+00:00"/>
  </meta>
  <type value="collection"/>
  <entry>
    <fullUrl value="https://nzhts.digital.health.nz/fhir/ValueSet/es-entitlement-identifier-code"/>
    <resource>
      <ValueSet>
        <text>
          <status value="generated"/>
          <div xmlns="http://www.w3.org/1999/xhtml">
            <p>This value set contains 3 concepts</p>
            <p style="border: black 1px dotted; background-color: #EEEEEE; padding: 8px; margin-bottom: 8px">Expansion based on 
              <a href="CodeSystem-nes-entitlement-identifier-1.0.html">codesystem NES Entitlement System Identifiers v1.1.0-SNAPSHOT (CodeSystem)</a>
            </p>
            <table class="codes">
              <tr>
                <td style="white-space:nowrap">
                  <b>Code</b>
                </td>
                <td>
                  <b>System</b>
                </td>
                <td>
                  <b>Display</b>
                </td>
              </tr>
              <tr>
                <td style="white-space:nowrap">
                  <a name="https---standards.digital.health.nz-ns-es-entitlement-identifier-code-https---standards.digital.health.nz-ns-nes-csc-id"> </a>  
                  <a href="CodeSystem-nes-entitlement-identifier-1.0.html#nes-entitlement-identifier-1.0-https.58.47.47standards.46digital.46health.46nz.47ns.47nes-csc-id">https://standards.digital.health.nz/ns/nes-csc-id</a>
                </td>
                <td>https://standards.digital.health.nz/ns/es-entitlement-identifier-code</td>
                <td/>
              </tr>
              <tr>
                <td style="white-space:nowrap">
                  <a name="https---standards.digital.health.nz-ns-es-entitlement-identifier-code-https---standards.digital.health.nz-ns-nes-huhc-id"> </a>  
                  <a href="CodeSystem-nes-entitlement-identifier-1.0.html#nes-entitlement-identifier-1.0-https.58.47.47standards.46digital.46health.46nz.47ns.47nes-huhc-id">https://standards.digital.health.nz/ns/nes-huhc-id</a>
                </td>
                <td>https://standards.digital.health.nz/ns/es-entitlement-identifier-code</td>
                <td/>
              </tr>
              <tr>
                <td style="white-space:nowrap">
                  <a name="https---standards.digital.health.nz-ns-es-entitlement-identifier-code-https---standards.digital.health.nz-ns-nes-psc-id"> </a>  
                  <a href="CodeSystem-nes-entitlement-identifier-1.0.html#nes-entitlement-identifier-1.0-https.58.47.47standards.46digital.46health.46nz.47ns.47nes-psc-id">https://standards.digital.health.nz/ns/nes-psc-id</a>
                </td>
                <td>https://standards.digital.health.nz/ns/es-entitlement-identifier-code</td>
                <td/>
              </tr>
            </table>
          </div>
        </text>
        <url value="https://nzhts.digital.health.nz/fhir/ValueSet/es-entitlement-identifier-code"/>
        <version value="1.1.0-SNAPSHOT"/>
        <name value="Nes_Entitlement_Identifier"/>
        <title value="NES Entitlement System Identifiers"/>
        <status value="active"/>
        <date value="2020-12-18T23:08:15+00:00"/>
        <expansion>
          <identifier value="urn:uuid:434d5374-4621-43f9-a035-0918fd2d7a6d"/>
          <timestamp value="2023-10-09T01:05:30+00:00"/>
          <total value="3"/>
          <parameter>
            <name value="excludeNested"/>
            <valueBoolean value="false"/>
          </parameter>
          <parameter>
            <name value="warning-draft"/>
            <valueUri value="https://standards.digital.health.nz/ns/es-entitlement-identifier-code|1.1.0-SNAPSHOT"/>
          </parameter>
          <parameter>
            <name value="used-codesystem"/>
            <valueUri value="https://standards.digital.health.nz/ns/es-entitlement-identifier-code|1.1.0-SNAPSHOT"/>
          </parameter>
          <contains>
            <system value="https://standards.digital.health.nz/ns/es-entitlement-identifier-code"/>
            <code value="https://standards.digital.health.nz/ns/nes-csc-id"/>
          </contains>
          <contains>
            <system value="https://standards.digital.health.nz/ns/es-entitlement-identifier-code"/>
            <code value="https://standards.digital.health.nz/ns/nes-huhc-id"/>
          </contains>
          <contains>
            <system value="https://standards.digital.health.nz/ns/es-entitlement-identifier-code"/>
            <code value="https://standards.digital.health.nz/ns/nes-psc-id"/>
          </contains>
        </expansion>
      </ValueSet>
    </resource>
  </entry>
  <entry>
    <fullUrl value="https://nzhts.digital.health.nz/fhir/ValueSet/nes-episode-of-care-status"/>
    <resource>
      <ValueSet>
        <meta>
          <profile value="http://hl7.org/fhir/StructureDefinition/shareablevalueset"/>
        </meta>
        <text>
          <status value="generated"/>
          <div xmlns="http://www.w3.org/1999/xhtml">
            <p>This value set contains 4 concepts</p>
            <p style="border: black 1px dotted; background-color: #EEEEEE; padding: 8px; margin-bottom: 8px">Expansion based on 
              <a href="http://hl7.org/fhir/R4/codesystem-episode-of-care-status.html">codesystem EpisodeOfCareStatus v4.0.1 (CodeSystem)</a>
            </p>
            <table class="codes">
              <tr>
                <td style="white-space:nowrap">
                  <b>Code</b>
                </td>
                <td>
                  <b>System</b>
                </td>
                <td>
                  <b>Display</b>
                </td>
                <td>
                  <b>Definition</b>
                </td>
              </tr>
              <tr>
                <td style="white-space:nowrap">
                  <a name="http---hl7.org-fhir-episode-of-care-status-planned"> </a>  
                  <a href="http://hl7.org/fhir/R4/codesystem-episode-of-care-status.html#episode-of-care-status-planned">planned</a>
                </td>
                <td>http://hl7.org/fhir/episode-of-care-status</td>
                <td>Planned</td>
                <td>
                  <div>
                    <p>This episode of care is planned to start at the date specified in the period.start. During this status, an organization may perform assessments to determine if the patient is eligible to receive services, or be organizing to make resources available to provide care services.</p>

                  </div>
                </td>
              </tr>
              <tr>
                <td style="white-space:nowrap">
                  <a name="http---hl7.org-fhir-episode-of-care-status-waitlist"> </a>  
                  <a href="http://hl7.org/fhir/R4/codesystem-episode-of-care-status.html#episode-of-care-status-waitlist">waitlist</a>
                </td>
                <td>http://hl7.org/fhir/episode-of-care-status</td>
                <td>Waitlist</td>
                <td>
                  <div>
                    <p>This episode has been placed on a waitlist, pending the episode being made active (or cancelled).</p>

                  </div>
                </td>
              </tr>
              <tr>
                <td style="white-space:nowrap">
                  <a name="http---hl7.org-fhir-episode-of-care-status-active"> </a>  
                  <a href="http://hl7.org/fhir/R4/codesystem-episode-of-care-status.html#episode-of-care-status-active">active</a>
                </td>
                <td>http://hl7.org/fhir/episode-of-care-status</td>
                <td>Active</td>
                <td>
                  <div>
                    <p>This episode of care is current.</p>

                  </div>
                </td>
              </tr>
              <tr>
                <td style="white-space:nowrap">
                  <a name="http---hl7.org-fhir-episode-of-care-status-finished"> </a>  
                  <a href="http://hl7.org/fhir/R4/codesystem-episode-of-care-status.html#episode-of-care-status-finished">finished</a>
                </td>
                <td>http://hl7.org/fhir/episode-of-care-status</td>
                <td>Finished</td>
                <td>
                  <div>
                    <p>This episode of care is finished and the organization is not expecting to be providing further care to the patient. Can also be known as &quot;closed&quot;, &quot;completed&quot; or other similar terms.</p>

                  </div>
                </td>
              </tr>
            </table>
          </div>
        </text>
        <url value="https://nzhts.digital.health.nz/fhir/ValueSet/nes-episode-of-care-status"/>
        <version value="1.1.0-SNAPSHOT"/>
        <name value="Nes_episode_of_care_status"/>
        <title value="NES Enrolment Status"/>
        <status value="active"/>
        <experimental value="false"/>
        <date value="2023-10-09T00:00:00+13:00"/>
        <expansion>
          <identifier value="urn:uuid:a895d146-2ec2-4c7a-a861-b16a38890772"/>
          <timestamp value="2023-10-09T01:05:30+00:00"/>
          <total value="4"/>
          <parameter>
            <name value="excludeNested"/>
            <valueBoolean value="false"/>
          </parameter>
          <parameter>
            <name value="warning-draft"/>
            <valueUri value="http://hl7.org/fhir/episode-of-care-status|4.0.1"/>
          </parameter>
          <parameter>
            <name value="used-codesystem"/>
            <valueUri value="http://hl7.org/fhir/episode-of-care-status|4.0.1"/>
          </parameter>
          <contains>
            <system value="http://hl7.org/fhir/episode-of-care-status"/>
            <code value="planned"/>
            <display value="Planned"/>
          </contains>
          <contains>
            <system value="http://hl7.org/fhir/episode-of-care-status"/>
            <code value="waitlist"/>
            <display value="Waitlist"/>
          </contains>
          <contains>
            <system value="http://hl7.org/fhir/episode-of-care-status"/>
            <code value="active"/>
            <display value="Active"/>
          </contains>
          <contains>
            <system value="http://hl7.org/fhir/episode-of-care-status"/>
            <code value="finished"/>
            <display value="Finished"/>
          </contains>
        </expansion>
      </ValueSet>
    </resource>
  </entry>
</Bundle>