{
  "resourceType" : "MessageDefinition",
  "id" : "EnrolmentNominationRequestMessageDefinition",
  "text" : {
    "status" : "generated",
    "div" : "<div xmlns=\"http://www.w3.org/1999/xhtml\"><p class=\"res-header-id\"><b>Generated Narrative: MessageDefinition EnrolmentNominationRequestMessageDefinition</b></p><a name=\"EnrolmentNominationRequestMessageDefinition\"> </a><a name=\"hcEnrolmentNominationRequestMessageDefinition\"> </a><a name=\"EnrolmentNominationRequestMessageDefinition-en-US\"> </a><p><b>url</b>: <a href=\"MessageDefinition-EnrolmentNominationRequestMessageDefinition.html\">MessageDefinition: url = http://hl7.org.nz/fhir/MessageDefinition/EnrolmentNominationRequestMessageDefinition; version = 1.4.9; status = draft; date = 2020-04-21; publisher = Te Whatu Ora; contact = Te Whatu Ora (mailto:integration@health.govt.nz); description = Defines the message used to request an enrolment; jurisdiction = ; copyright = ; event[x] = GP Enrolment Nomination (NES Event Type#FLS_ENROLMENT_NOMINATION)</a></p><p><b>version</b>: 1.4.9</p><p><b>status</b>: Draft</p><p><b>date</b>: 2020-04-21</p><p><b>publisher</b>: Te Whatu Ora</p><p><b>contact</b>: Te Whatu Ora: <a href=\"mailto:mailto:integration@health.govt.nz\">mailto:integration@health.govt.nz</a></p><p><b>description</b>: </p><div><p>Defines the message used to request an enrolment</p>\n</div><p><b>event</b>: <a href=\"https://common-ig.hip.digital.health.nz/site/CodeSystem-nes-event-type-1.0.html#nes-event-type-1.0-FLS_ENROLMENT_NOMINATION\">NES Event Type FLS_ENROLMENT_NOMINATION</a>: GP Enrolment Nomination</p><blockquote><p><b>focus</b></p><p><b>code</b>: Patient</p><p><b>profile</b>: <a href=\"https://nhi-ig.hip.digital.health.nz/site/StructureDefinition-NhiPatient.html\">NHI Patient</a></p><p><b>min</b>: 1</p><p><b>max</b>: 1</p></blockquote><blockquote><p><b>focus</b></p><p><b>code</b>: RelatedPerson</p><p><b>min</b>: 1</p><p><b>max</b>: 2</p></blockquote><blockquote><p><b>focus</b></p><p><b>code</b>: Practitioner</p><p><b>profile</b>: <a href=\"https://hpi-ig.hip-uat.digital.health.nz/StructureDefinition-HPIPractitioner.html\">HPI Practitioner</a></p><p><b>min</b>: 0</p><p><b>max</b>: 1</p></blockquote><h3>AllowedResponses</h3><table class=\"grid\"><tr><td style=\"display: none\">-</td><td><b>Message</b></td></tr><tr><td style=\"display: none\">*</td><td><a href=\"MessageDefinition-EnrolmentNominationResponseMessageDefinition.html\">MessageDefinition[http://hl7.org.nz/fhir/MessageDefinition/EnrolmentNominationResponseMessageDefinition|1.4.9]</a></td></tr></table></div>"
  },
  "url" : "http://hl7.org.nz/fhir/MessageDefinition/EnrolmentNominationRequestMessageDefinition",
  "version" : "1.4.9",
  "status" : "draft",
  "date" : "2020-04-21",
  "publisher" : "Te Whatu Ora",
  "contact" : [{
    "name" : "Te Whatu Ora",
    "telecom" : [{
      "system" : "email",
      "value" : "mailto:integration@health.govt.nz"
    }]
  }],
  "description" : "Defines the message used to request an enrolment",
  "eventCoding" : {
    "system" : "https://standards.digital.health.nz/ns/nes-event-type",
    "code" : "FLS_ENROLMENT_NOMINATION"
  },
  "focus" : [{
    "code" : "Patient",
    "profile" : "http://hl7.org.nz/fhir/StructureDefinition/NhiPatient",
    "min" : 1,
    "max" : "1"
  },
  {
    "code" : "RelatedPerson",
    "min" : 1,
    "max" : "2"
  },
  {
    "code" : "Practitioner",
    "profile" : "http://hl7.org.nz/fhir/StructureDefinition/HPIPractitioner",
    "min" : 0,
    "max" : "1"
  }],
  "allowedResponse" : [{
    "message" : "http://hl7.org.nz/fhir/MessageDefinition/EnrolmentNominationResponseMessageDefinition"
  }]
}