<?xml version="1.0" encoding="UTF-8"?>

<MessageDefinition xmlns="http://hl7.org/fhir">
  <id value="EnrolmentNominationRequestMessageDefinition"/>
  <text>
    <status value="generated"/><div xmlns="http://www.w3.org/1999/xhtml"><p><b>Generated Narrative: MessageDefinition</b><a name="EnrolmentNominationRequestMessageDefinition"> </a></p><div style="display: inline-block; background-color: #d9e0e7; padding: 6px; margin: 4px; border: 1px solid #8da1b4; border-radius: 5px; line-height: 60%"><p style="margin-bottom: 0px">Resource MessageDefinition &quot;EnrolmentNominationRequestMessageDefinition&quot; </p></div><p><b>url</b>: <code>http://hl7.org.nz/fhir/MessageDefinition/EnrolmentNominationRequestMessageDefinition</code></p><p><b>version</b>: 1.0.0-SNAPSHOT</p><p><b>status</b>: draft</p><p><b>date</b>: 2020-04-21</p><p><b>publisher</b>: Te Whatu Ora</p><p><b>contact</b>: Te Whatu Ora: <a href="mailto:mailto:integration@health.govt.nz">mailto:integration@health.govt.nz</a></p><p><b>event</b>: GP Enrolment Nomination (Details: https://standards.digital.health.nz/ns/nes-event-type code FLS_ENROLMENT_NOMINATION = 'GP Enrolment Nomination', stated as 'null')</p><blockquote><p><b>focus</b></p><p><b>code</b>: Patient</p><p><b>profile</b>: <a href="https://nhi-ig.hip.digital.health.nz/site/StructureDefinition-NhiPatient.html">NHI Patient</a></p><p><b>min</b>: 1</p><p><b>max</b>: 1</p></blockquote><blockquote><p><b>focus</b></p><p><b>code</b>: Location</p><p><b>min</b>: 1</p><p><b>max</b>: 1</p></blockquote><blockquote><p><b>focus</b></p><p><b>code</b>: RelatedPerson</p><p><b>min</b>: 0</p><p><b>max</b>: 1</p></blockquote><blockquote><p><b>focus</b></p><p><b>code</b>: Practitioner</p><p><b>min</b>: 0</p><p><b>max</b>: 1</p></blockquote><h3>AllowedResponses</h3><table class="grid"><tr><td>-</td><td><b>Message</b></td></tr><tr><td>*</td><td><a href="MessageDefinition-EnrolmentNominationResponseMessageDefinition.html">MessageDefinition[http://hl7.org.nz/fhir/MessageDefinition/EnrolmentNominationResponseMessageDefinition|1.0.0-SNAPSHOT]</a></td></tr></table></div>
  </text>
  <url value="http://hl7.org.nz/fhir/MessageDefinition/EnrolmentNominationRequestMessageDefinition"/>
  <version value="1.0.0-SNAPSHOT"/>
  <status value="draft"/>
  <date value="2020-04-21"/>
  <publisher value="Te Whatu Ora"/>
  <contact>
    <name value="Te Whatu Ora"/>
    <telecom>
      <system value="email"/>
      <value value="mailto:integration@health.govt.nz"/>
    </telecom>
  </contact>
  <eventCoding>
    <system value="https://standards.digital.health.nz/ns/nes-event-type"/>
    <code value="FLS_ENROLMENT_NOMINATION"/>
  </eventCoding>
  <focus>
    <code value="Patient"/>
    <profile value="http://hl7.org.nz/fhir/StructureDefinition/NhiPatient"/>
    <min value="1"/>
    <max value="1"/>
  </focus>
  <focus>
    <code value="Location"/>
    <min value="1"/>
    <max value="1"/>
  </focus>
  <focus>
    <code value="RelatedPerson"/>
    <min value="0"/>
    <max value="1"/>
  </focus>
  <focus>
    <code value="Practitioner"/>
    <min value="0"/>
    <max value="1"/>
  </focus>
  <allowedResponse>
    <message value="http://hl7.org.nz/fhir/MessageDefinition/EnrolmentNominationResponseMessageDefinition"/>
  </allowedResponse>
</MessageDefinition>