{
  "resourceType" : "MessageDefinition",
  "id" : "EnrolmentNominationRequestMessageDefinition",
  "text" : {
    "status" : "generated",
    "div" : "<div xmlns=\"http://www.w3.org/1999/xhtml\"><p><b>Generated Narrative: MessageDefinition </b><a name=\"EnrolmentNominationRequestMessageDefinition\"> </a><a name=\"hcEnrolmentNominationRequestMessageDefinition\"> </a></p><div style=\"display: inline-block; background-color: #d9e0e7; padding: 6px; margin: 4px; border: 1px solid #8da1b4; border-radius: 5px; line-height: 60%\"><p style=\"margin-bottom: 0px\">ResourceMessageDefinition &quot;EnrolmentNominationRequestMessageDefinition&quot; </p></div><p><b>url</b>: <code>http://hl7.org.nz/fhir/MessageDefinition/EnrolmentNominationRequestMessageDefinition</code></p><p><b>version</b>: 1.4.0</p><p><b>status</b>: draft</p><p><b>date</b>: 2020-04-21</p><p><b>publisher</b>: Te Whatu Ora</p><p><b>contact</b>: Te Whatu Ora: <a href=\"mailto:mailto:integration@health.govt.nz\">mailto:integration@health.govt.nz</a></p><p><b>description</b>: Defines the message used to request an enrolment</p><p><b>event</b>: GP Enrolment Nomination (Details: NES Event Type code FLS_ENROLMENT_NOMINATION  = ' GP Enrolment Nomination ', stated as ' null ')</p><blockquote><p><b>focus</b></p><p><b>code</b>: Patient</p><p><b>profile</b>: <a href=\"https://nhi-ig.hip.digital.health.nz/site/StructureDefinition-NhiPatient.html\">NHI Patient</a></p><p><b>min</b>: 1</p><p><b>max</b>: 1</p></blockquote><blockquote><p><b>focus</b></p><p><b>code</b>: RelatedPerson</p><p><b>min</b>: 1</p><p><b>max</b>: 2</p></blockquote><blockquote><p><b>focus</b></p><p><b>code</b>: Practitioner</p><p><b>profile</b>: <a href=\"https://hpi-ig.hip-uat.digital.health.nz/StructureDefinition-HPIPractitioner.html\">HPI Practitioner</a></p><p><b>min</b>: 0</p><p><b>max</b>: 1</p></blockquote><h3>AllowedResponses</h3><table class=\"grid\"><tr><td style=\"display: none\">-</td><td><b>Message</b></td></tr><tr><td style=\"display: none\">*</td><td><a href=\"MessageDefinition-EnrolmentNominationResponseMessageDefinition.html\">MessageDefinition[http://hl7.org.nz/fhir/MessageDefinition/EnrolmentNominationResponseMessageDefinition|1.4.0]</a></td></tr></table></div>"
  },
  "url" : "http://hl7.org.nz/fhir/MessageDefinition/EnrolmentNominationRequestMessageDefinition",
  "version" : "1.4.0",
  "status" : "draft",
  "date" : "2020-04-21",
  "publisher" : "Te Whatu Ora",
  "contact" : [{
    "name" : "Te Whatu Ora",
    "telecom" : [{
      "system" : "email",
      "value" : "mailto:integration@health.govt.nz"
    }]
  }],
  "description" : "Defines the message used to request an enrolment",
  "eventCoding" : {
    "system" : "https://standards.digital.health.nz/ns/nes-event-type",
    "code" : "FLS_ENROLMENT_NOMINATION"
  },
  "focus" : [{
    "code" : "Patient",
    "profile" : "http://hl7.org.nz/fhir/StructureDefinition/NhiPatient",
    "min" : 1,
    "max" : "1"
  },
  {
    "code" : "RelatedPerson",
    "min" : 1,
    "max" : "2"
  },
  {
    "code" : "Practitioner",
    "profile" : "http://hl7.org.nz/fhir/StructureDefinition/HPIPractitioner",
    "min" : 0,
    "max" : "1"
  }],
  "allowedResponse" : [{
    "message" : "http://hl7.org.nz/fhir/MessageDefinition/EnrolmentNominationResponseMessageDefinition"
  }]
}