<?xml version="1.0" encoding="UTF-8"?>

<MessageDefinition xmlns="http://hl7.org/fhir">
  <id value="EnrolmentNominationRequestMessageDefinition"/>
  <text>
    <status value="generated"/><div xmlns="http://www.w3.org/1999/xhtml"><p class="res-header-id"><b>Generated Narrative: MessageDefinition EnrolmentNominationRequestMessageDefinition</b></p><a name="EnrolmentNominationRequestMessageDefinition"> </a><a name="hcEnrolmentNominationRequestMessageDefinition"> </a><a name="EnrolmentNominationRequestMessageDefinition-en-US"> </a><p><b>url</b>: <a href="MessageDefinition-EnrolmentNominationRequestMessageDefinition.html">MessageDefinition: url = http://hl7.org.nz/fhir/MessageDefinition/EnrolmentNominationRequestMessageDefinition; version = 1.4.5; status = draft; date = 2020-04-21; publisher = Te Whatu Ora; contact = Te Whatu Ora (mailto:integration@health.govt.nz); description = Defines the message used to request an enrolment; jurisdiction = ; copyright = ; event[x] = GP Enrolment Nomination (NES Event Type#FLS_ENROLMENT_NOMINATION)</a></p><p><b>version</b>: 1.4.5</p><p><b>status</b>: Draft</p><p><b>date</b>: 2020-04-21</p><p><b>publisher</b>: Te Whatu Ora</p><p><b>contact</b>: Te Whatu Ora: <a href="mailto:mailto:integration@health.govt.nz">mailto:integration@health.govt.nz</a></p><p><b>description</b>: </p><div><p>Defines the message used to request an enrolment</p>
</div><p><b>event</b>: <a href="https://common-ig.hip.digital.health.nz/site/CodeSystem-nes-event-type-1.0.html#nes-event-type-1.0-FLS_ENROLMENT_NOMINATION">NES Event Type</a> FLS_ENROLMENT_NOMINATION: GP Enrolment Nomination</p><blockquote><p><b>focus</b></p><p><b>code</b>: Patient</p><p><b>profile</b>: <a href="https://nhi-ig.hip.digital.health.nz/site/StructureDefinition-NhiPatient.html">NHI Patient</a></p><p><b>min</b>: 1</p><p><b>max</b>: 1</p></blockquote><blockquote><p><b>focus</b></p><p><b>code</b>: RelatedPerson</p><p><b>min</b>: 1</p><p><b>max</b>: 2</p></blockquote><blockquote><p><b>focus</b></p><p><b>code</b>: Practitioner</p><p><b>profile</b>: <a href="https://hpi-ig.hip-uat.digital.health.nz/StructureDefinition-HPIPractitioner.html">HPI Practitioner</a></p><p><b>min</b>: 0</p><p><b>max</b>: 1</p></blockquote><h3>AllowedResponses</h3><table class="grid"><tr><td style="display: none">-</td><td><b>Message</b></td></tr><tr><td style="display: none">*</td><td><a href="MessageDefinition-EnrolmentNominationResponseMessageDefinition.html">MessageDefinition[http://hl7.org.nz/fhir/MessageDefinition/EnrolmentNominationResponseMessageDefinition|1.4.5]</a></td></tr></table></div>
  </text>
  <url value="http://hl7.org.nz/fhir/MessageDefinition/EnrolmentNominationRequestMessageDefinition"/>
  <version value="1.4.5"/>
  <status value="draft"/>
  <date value="2020-04-21"/>
  <publisher value="Te Whatu Ora"/>
  <contact>
    <name value="Te Whatu Ora"/>
    <telecom>
      <system value="email"/>
      <value value="mailto:integration@health.govt.nz"/>
    </telecom>
  </contact>
  <description value="Defines the message used to request an enrolment"/>
  <eventCoding>
    <system value="https://standards.digital.health.nz/ns/nes-event-type"/>
    <code value="FLS_ENROLMENT_NOMINATION"/>
  </eventCoding>
  <focus>
    <code value="Patient"/>
    <profile value="http://hl7.org.nz/fhir/StructureDefinition/NhiPatient"/>
    <min value="1"/>
    <max value="1"/>
  </focus>
  <focus>
    <code value="RelatedPerson"/>
    <min value="1"/>
    <max value="2"/>
  </focus>
  <focus>
    <code value="Practitioner"/>
    <profile value="http://hl7.org.nz/fhir/StructureDefinition/HPIPractitioner"/>
    <min value="0"/>
    <max value="1"/>
  </focus>
  <allowedResponse>
    <message value="http://hl7.org.nz/fhir/MessageDefinition/EnrolmentNominationResponseMessageDefinition"/>
  </allowedResponse>
</MessageDefinition>