{
  "resourceType" : "OperationOutcome",
  "id" : "enrolment-nomination-request-error-response-1",
  "text" : {
    "status" : "generated",
    "div" : "<div xmlns=\"http://www.w3.org/1999/xhtml\"><p><b>Generated Narrative: OperationOutcome</b><a name=\"enrolment-nomination-request-error-response-1\"> </a></p><div style=\"display: inline-block; background-color: #d9e0e7; padding: 6px; margin: 4px; border: 1px solid #8da1b4; border-radius: 5px; line-height: 60%\"><p style=\"margin-bottom: 0px\">Resource OperationOutcome &quot;enrolment-nomination-request-error-response-1&quot; </p></div><h3>Issues</h3><table class=\"grid\"><tr><td style=\"display: none\">-</td><td><b>Severity</b></td><td><b>Code</b></td><td><b>Diagnostics</b></td></tr><tr><td style=\"display: none\">*</td><td>error</td><td>informational</td><td>Inavlid pracitioner id</td></tr></table></div>"
  },
  "issue" : [{
    "severity" : "error",
    "code" : "informational",
    "diagnostics" : "Inavlid pracitioner id"
  }]
}