URL,Version,Status,OIDs,Name,Title,Descriptino,Uses,Used,Sources
https://nzhts.digital.health.nz/fhir/ValueSet/coverage-type-code,1.1.0,active,,CoverageType,Coverage Type,"New Zealand codes for Coverage Types","StructureDefinition/NesEntitlement","hl7.org.nz.fhir.ig.hip-core"
https://nzhts.digital.health.nz/fhir/ValueSet/nes-enrolment-termination-reason,1.0,active,,Nes_enrolment_termination_reason,NES Enrolment Termination Reason ,"A code to describe the reason the enrolment has ended","StructureDefinition/nes-enrolment-termination-reason,StructureDefinition/NesEnrolment","hl7.org.nz.fhir.ig.hip-core"
https://nzhts.digital.health.nz/fhir/ValueSet/nes-enrolment-type,1.0,active,,Nes_enrolment_type,NES Enrolment Type,"Describes the type of health service which the enrolment is for","StructureDefinition/NesEnrolment","hl7.org.nz.fhir.ig.hip-core"
https://nzhts.digital.health.nz/fhir/ValueSet/nes-entitlement-identifier-code,1.0,active,,Nes_Entitlement_Identifier,NES Entitlement System Identifiers,"A list of the identifiers of entitlement issuers authorities.","StructureDefinition/NesEntitlement","hl7.org.nz.fhir.ig.hip-core"
https://nzhts.digital.health.nz/fhir/ValueSet/nes-episode-of-care-status,1.0,active,,Nes_episode_of_care_status,NES Enrolment Status,"NES Enrolment Status","StructureDefinition/NesEnrolment","hl7.fhir.r4.core"
