{
  "codeSystems" : [
    {
      "url" : "http://hl7.org/fhir/ValueSet/administrative-gender",
      "version" : "4.0.1",
      "status" : "active",
      "name" : "AdministrativeGender",
      "title" : "AdministrativeGender",
      "description" : "The gender of a person used for administrative purposes.",
      "systems" : ["http://hl7.org/fhir/administrative-gender"],
      "oids" : ["2.16.840.1.113883.4.642.3.1"],
      "sources" : ["2.16.840.1.113883.4.642.3.1"],
      "uses" : {
      },
      "StructureDefinition-NesPatient.html" : "NES Patient"
    },
    {
      "url" : "http://hl7.org/fhir/ValueSet/c80-practice-codes",
      "version" : "4.0.1",
      "status" : "active",
      "name" : "PracticeSettingCodeValueSet",
      "title" : "Practice Setting Code Value Set",
      "description" : "This is the code representing the clinical specialty of the clinician or provider who interacted with, treated, or provided a service to/for the patient. The value set used for clinical specialty has been limited by HITSP to the value set reproduced from HITSP C80 Table 2-149 Clinical Specialty Value Set Definition.",
      "systems" : ["http://snomed.info/sct"],
      "oids" : ["2.16.840.1.113883.3.88.12.80.72"],
      "sources" : ["2.16.840.1.113883.3.88.12.80.72"],
      "uses" : {
      },
      "StructureDefinition-NesPractitionerRole.html" : "NES PractitionerRole"
    },
    {
      "url" : "http://hl7.org/fhir/ValueSet/common-tags",
      "version" : "4.0.1",
      "status" : "draft",
      "name" : "CommonTags",
      "title" : "Common Tags",
      "description" : "Common Tag Codes defined by FHIR project",
      "systems" : ["http://terminology.hl7.org/CodeSystem/common-tags"],
      "oids" : ["2.16.840.1.113883.4.642.3.79"],
      "sources" : ["2.16.840.1.113883.4.642.3.79"],
      "uses" : {
      },
      "StructureDefinition-NesEnrolment.html" : "NES Enrolment"
    },
    {
      "url" : "http://hl7.org/fhir/ValueSet/coverage-copay-type",
      "version" : "4.0.1",
      "status" : "draft",
      "name" : "CoverageCopayTypeCodes",
      "title" : "Coverage Copay Type Codes",
      "description" : "This value set includes sample Coverage Copayment Type codes.",
      "systems" : ["http://terminology.hl7.org/CodeSystem/coverage-copay-type"],
      "oids" : ["2.16.840.1.113883.4.642.3.527"],
      "sources" : ["2.16.840.1.113883.4.642.3.527"],
      "uses" : {
      },
      "StructureDefinition-NesEntitlement.html" : "NES Entitlements"
    },
    {
      "url" : "http://hl7.org/fhir/ValueSet/coverage-financial-exception",
      "version" : "4.0.1",
      "status" : "draft",
      "name" : "ExampleCoverageFinancialExceptionCodes",
      "title" : "Example Coverage Financial Exception Codes",
      "description" : "This value set includes Example Coverage Financial Exception Codes.",
      "systems" : [
        "http://terminology.hl7.org/CodeSystem/ex-coverage-financial-exception"
      ],
      "oids" : ["2.16.840.1.113883.4.642.3.1328"],
      "sources" : ["2.16.840.1.113883.4.642.3.1328"],
      "uses" : {
      },
      "StructureDefinition-NesEntitlement.html" : "NES Entitlements"
    },
    {
      "url" : "http://hl7.org/fhir/ValueSet/days-of-week",
      "version" : "4.0.1",
      "status" : "active",
      "name" : "DaysOfWeek",
      "title" : "DaysOfWeek",
      "description" : "The days of the week.",
      "systems" : ["http://hl7.org/fhir/days-of-week"],
      "oids" : ["2.16.840.1.113883.4.642.3.512"],
      "sources" : ["2.16.840.1.113883.4.642.3.512"],
      "uses" : {
      },
      "StructureDefinition-NesPractitionerRole.html" : "NES PractitionerRole"
    },
    {
      "url" : "http://hl7.org/fhir/ValueSet/diagnosis-role",
      "version" : "4.0.1",
      "status" : "draft",
      "name" : "DiagnosisRole",
      "title" : "DiagnosisRole",
      "description" : "This value set defines a set of codes that can be used to express the role of a diagnosis on the Encounter or EpisodeOfCare record.",
      "systems" : ["http://terminology.hl7.org/CodeSystem/diagnosis-role"],
      "oids" : ["2.16.840.1.113883.4.642.3.49"],
      "sources" : ["2.16.840.1.113883.4.642.3.49"],
      "uses" : {
      },
      "StructureDefinition-NesEnrolment.html" : "NES Enrolment",
      "StructureDefinition-NesEncounter.html" : "NesEncounter"
    },
    {
      "url" : "http://hl7.org/fhir/ValueSet/encounter-admit-source",
      "version" : "4.0.1",
      "status" : "draft",
      "name" : "AdmitSource",
      "title" : "Admit source",
      "description" : "This value set defines a set of codes that can be used to indicate from where the patient came in.",
      "systems" : ["http://terminology.hl7.org/CodeSystem/admit-source"],
      "oids" : ["2.16.840.1.113883.4.642.3.257"],
      "sources" : ["2.16.840.1.113883.4.642.3.257"],
      "uses" : {
      },
      "StructureDefinition-NesEncounter.html" : "NesEncounter"
    },
    {
      "url" : "http://hl7.org/fhir/ValueSet/encounter-diet",
      "version" : "4.0.1",
      "status" : "draft",
      "name" : "Diet",
      "title" : "Diet",
      "description" : "This value set defines a set of codes that can be used to indicate dietary preferences or restrictions a patient may have.",
      "systems" : ["http://terminology.hl7.org/CodeSystem/diet"],
      "oids" : ["2.16.840.1.113883.4.642.3.255"],
      "sources" : ["2.16.840.1.113883.4.642.3.255"],
      "uses" : {
      },
      "StructureDefinition-NesEncounter.html" : "NesEncounter"
    },
    {
      "url" : "http://hl7.org/fhir/ValueSet/encounter-discharge-disposition",
      "version" : "4.0.1",
      "status" : "draft",
      "name" : "DischargeDisposition",
      "title" : "Discharge disposition",
      "description" : "This value set defines a set of codes that can be used to where the patient left the hospital.",
      "systems" : [
        "http://terminology.hl7.org/CodeSystem/discharge-disposition"
      ],
      "oids" : ["2.16.840.1.113883.4.642.3.259"],
      "sources" : ["2.16.840.1.113883.4.642.3.259"],
      "uses" : {
      },
      "StructureDefinition-NesEncounter.html" : "NesEncounter"
    },
    {
      "url" : "http://hl7.org/fhir/ValueSet/encounter-location-status",
      "version" : "4.0.1",
      "status" : "draft",
      "name" : "EncounterLocationStatus",
      "title" : "EncounterLocationStatus",
      "description" : "The status of the location.",
      "systems" : ["http://hl7.org/fhir/encounter-location-status"],
      "oids" : ["2.16.840.1.113883.4.642.3.262"],
      "sources" : ["2.16.840.1.113883.4.642.3.262"],
      "uses" : {
      },
      "StructureDefinition-NesEncounter.html" : "NesEncounter"
    },
    {
      "url" : "http://hl7.org/fhir/ValueSet/encounter-participant-type",
      "version" : "4.0.1",
      "status" : "draft",
      "name" : "ParticipantType",
      "title" : "Participant type",
      "description" : "This value set defines a set of codes that can be used to indicate how an individual participates in an encounter.",
      "systems" : [
        "http://terminology.hl7.org/CodeSystem/participant-type",
        "http://terminology.hl7.org/CodeSystem/v3-ParticipationType"
      ],
      "oids" : ["2.16.840.1.113883.4.642.3.250"],
      "sources" : ["2.16.840.1.113883.4.642.3.250"],
      "uses" : {
      },
      "StructureDefinition-NesEncounter.html" : "NesEncounter"
    },
    {
      "url" : "http://hl7.org/fhir/ValueSet/encounter-reason",
      "version" : "4.0.1",
      "status" : "draft",
      "name" : "EncounterReasonCodes",
      "title" : "Encounter Reason Codes",
      "description" : "This examples value set defines the set of codes that can be used to indicate reasons for an encounter.",
      "systems" : ["http://snomed.info/sct"],
      "oids" : ["2.16.840.1.113883.4.642.3.261"],
      "sources" : ["2.16.840.1.113883.4.642.3.261"],
      "uses" : {
      },
      "StructureDefinition-NesEncounter.html" : "NesEncounter"
    },
    {
      "url" : "http://hl7.org/fhir/ValueSet/encounter-special-arrangements",
      "version" : "4.0.1",
      "status" : "draft",
      "name" : "SpecialArrangements",
      "title" : "Special arrangements",
      "description" : "This value set defines a set of codes that can be used to indicate the kinds of special arrangements in place for a patients visit.",
      "systems" : [
        "http://terminology.hl7.org/CodeSystem/encounter-special-arrangements"
      ],
      "oids" : ["2.16.840.1.113883.4.642.3.253"],
      "sources" : ["2.16.840.1.113883.4.642.3.253"],
      "uses" : {
      },
      "StructureDefinition-NesEncounter.html" : "NesEncounter"
    },
    {
      "url" : "http://hl7.org/fhir/ValueSet/encounter-special-courtesy",
      "version" : "4.0.1",
      "status" : "draft",
      "name" : "SpecialCourtesy",
      "title" : "Special courtesy",
      "description" : "This value set defines a set of codes that can be used to indicate special courtesies provided to the patient.",
      "systems" : [
        "http://terminology.hl7.org/CodeSystem/v3-EncounterSpecialCourtesy",
        "http://terminology.hl7.org/CodeSystem/v3-NullFlavor"
      ],
      "oids" : ["2.16.840.1.113883.4.642.3.252"],
      "sources" : ["2.16.840.1.113883.4.642.3.252"],
      "uses" : {
      },
      "StructureDefinition-NesEncounter.html" : "NesEncounter"
    },
    {
      "url" : "http://hl7.org/fhir/ValueSet/encounter-status",
      "version" : "4.0.1",
      "status" : "draft",
      "name" : "EncounterStatus",
      "title" : "EncounterStatus",
      "description" : "Current state of the encounter.",
      "systems" : ["http://hl7.org/fhir/encounter-status"],
      "oids" : ["2.16.840.1.113883.4.642.3.246"],
      "sources" : ["2.16.840.1.113883.4.642.3.246"],
      "uses" : {
      },
      "StructureDefinition-NesEncounter.html" : "NesEncounter"
    },
    {
      "url" : "http://hl7.org/fhir/ValueSet/encounter-type",
      "version" : "4.0.1",
      "status" : "draft",
      "name" : "EncounterType",
      "title" : "Encounter type",
      "description" : "This example value set defines a set of codes that can be used to indicate the type of encounter: a specific code indicating type of service provided.",
      "systems" : ["http://terminology.hl7.org/CodeSystem/encounter-type"],
      "oids" : ["2.16.840.1.113883.4.642.3.248"],
      "sources" : ["2.16.840.1.113883.4.642.3.248"],
      "uses" : {
      },
      "StructureDefinition-NesEncounter.html" : "NesEncounter"
    },
    {
      "url" : "http://hl7.org/fhir/ValueSet/episode-of-care-status",
      "version" : "4.0.1",
      "status" : "draft",
      "name" : "EpisodeOfCareStatus",
      "title" : "EpisodeOfCareStatus",
      "description" : "The status of the episode of care.",
      "systems" : ["http://hl7.org/fhir/episode-of-care-status"],
      "oids" : ["2.16.840.1.113883.4.642.3.664"],
      "sources" : ["2.16.840.1.113883.4.642.3.664"],
      "uses" : {
      },
      "StructureDefinition-NesEnrolment.html" : "NES Enrolment"
    },
    {
      "url" : "http://hl7.org/fhir/ValueSet/fm-status",
      "version" : "4.0.1",
      "status" : "draft",
      "name" : "FinancialResourceStatusCodes",
      "title" : "Financial Resource Status Codes",
      "description" : "This value set includes Status codes.",
      "systems" : ["http://hl7.org/fhir/fm-status"],
      "oids" : ["2.16.840.1.113883.4.642.3.592"],
      "sources" : ["2.16.840.1.113883.4.642.3.592"],
      "uses" : {
      },
      "StructureDefinition-NesEntitlement.html" : "NES Entitlements"
    },
    {
      "url" : "http://hl7.org/fhir/ValueSet/identifier-type",
      "version" : "4.0.1",
      "status" : "active",
      "name" : "Identifier Type Codes",
      "title" : "IdentifierType",
      "description" : "A coded type for an identifier that can be used to determine which identifier to use for a specific purpose.",
      "systems" : ["http://terminology.hl7.org/CodeSystem/v2-0203"],
      "oids" : ["2.16.840.1.113883.4.642.3.45"],
      "sources" : ["2.16.840.1.113883.4.642.3.45"],
      "uses" : {
      },
      "StructureDefinition-NesEntitlement.html" : "NES Entitlements",
      "StructureDefinition-NesPatient.html" : "NES Patient"
    },
    {
      "url" : "http://hl7.org/fhir/ValueSet/identifier-use",
      "version" : "4.0.1",
      "status" : "active",
      "name" : "IdentifierUse",
      "title" : "IdentifierUse",
      "description" : "Identifies the purpose for this identifier, if known .",
      "systems" : ["http://hl7.org/fhir/identifier-use"],
      "oids" : ["2.16.840.1.113883.4.642.3.57"],
      "sources" : ["2.16.840.1.113883.4.642.3.57"],
      "uses" : {
      },
      "StructureDefinition-NesEntitlement.html" : "NES Entitlements"
    },
    {
      "url" : "http://hl7.org/fhir/ValueSet/issue-severity",
      "version" : "4.0.1",
      "status" : "active",
      "name" : "IssueSeverity",
      "title" : "IssueSeverity",
      "description" : "How the issue affects the success of the action.",
      "systems" : ["http://hl7.org/fhir/issue-severity"],
      "oids" : ["2.16.840.1.113883.4.642.3.408"],
      "sources" : ["2.16.840.1.113883.4.642.3.408"],
      "uses" : {
      },
      "StructureDefinition-EnrolmentNominationResponse.html" : "EnrolmentNominationResponse"
    },
    {
      "url" : "http://hl7.org/fhir/ValueSet/issue-type",
      "version" : "4.0.1",
      "status" : "active",
      "name" : "IssueType",
      "title" : "IssueType",
      "description" : "A code that describes the type of issue.",
      "systems" : ["http://hl7.org/fhir/issue-type"],
      "oids" : ["2.16.840.1.113883.4.642.3.410"],
      "sources" : ["2.16.840.1.113883.4.642.3.410"],
      "uses" : {
      },
      "StructureDefinition-EnrolmentNominationResponse.html" : "EnrolmentNominationResponse"
    },
    {
      "url" : "http://hl7.org/fhir/ValueSet/languages",
      "version" : "4.0.1",
      "status" : "draft",
      "name" : "CommonLanguages",
      "title" : "Common Languages",
      "description" : "This value set includes common codes from BCP-47 (http://tools.ietf.org/html/bcp47)",
      "systems" : ["urn:ietf:bcp:47"],
      "oids" : ["2.16.840.1.113883.4.642.3.20"],
      "sources" : ["2.16.840.1.113883.4.642.3.20"],
      "uses" : {
      },
      "StructureDefinition-NesPractitionerRole.html" : "NES PractitionerRole",
      "StructureDefinition-NesEntitlement.html" : "NES Entitlements",
      "StructureDefinition-NesEnrolment.html" : "NES Enrolment",
      "StructureDefinition-EnrolmentNominationResponse.html" : "EnrolmentNominationResponse",
      "StructureDefinition-NesPatient.html" : "NES Patient",
      "StructureDefinition-NesEncounter.html" : "NesEncounter"
    },
    {
      "url" : "http://hl7.org/fhir/ValueSet/link-type",
      "version" : "4.0.1",
      "status" : "active",
      "name" : "LinkType",
      "title" : "LinkType",
      "description" : "The type of link between this patient resource and another patient resource.",
      "systems" : ["http://hl7.org/fhir/link-type"],
      "oids" : ["2.16.840.1.113883.4.642.3.423"],
      "sources" : ["2.16.840.1.113883.4.642.3.423"],
      "uses" : {
      },
      "StructureDefinition-NesPatient.html" : "NES Patient"
    },
    {
      "url" : "http://hl7.org/fhir/ValueSet/location-physical-type",
      "version" : "4.0.1",
      "status" : "draft",
      "name" : "LocationType",
      "title" : "Location type",
      "description" : "This example value set defines a set of codes that can be used to indicate the physical form of the Location.",
      "systems" : [
        "http://terminology.hl7.org/CodeSystem/location-physical-type"
      ],
      "oids" : ["2.16.840.1.113883.4.642.3.328"],
      "sources" : ["2.16.840.1.113883.4.642.3.328"],
      "uses" : {
      },
      "StructureDefinition-NesEncounter.html" : "NesEncounter"
    },
    {
      "url" : "http://hl7.org/fhir/ValueSet/marital-status",
      "version" : "4.0.1",
      "status" : "active",
      "name" : "Marital Status Codes",
      "title" : "MaritalStatus",
      "description" : "This value set defines the set of codes that can be used to indicate the marital status of a person.",
      "systems" : [
        "http://terminology.hl7.org/CodeSystem/v3-MaritalStatus",
        "http://terminology.hl7.org/CodeSystem/v3-NullFlavor"
      ],
      "oids" : ["2.16.840.1.113883.4.642.3.29"],
      "sources" : ["2.16.840.1.113883.4.642.3.29"],
      "uses" : {
      },
      "StructureDefinition-NesPatient.html" : "NES Patient"
    },
    {
      "url" : "http://hl7.org/fhir/ValueSet/patient-contactrelationship",
      "version" : "4.0.1",
      "status" : "active",
      "name" : "PatientContactRelationship",
      "title" : "Patient Contact Relationship ",
      "description" : "The nature of the relationship between the patient and the contact person.",
      "systems" : ["http://terminology.hl7.org/CodeSystem/v2-0131"],
      "oids" : ["2.16.840.1.113883.4.642.3.1130"],
      "sources" : ["2.16.840.1.113883.4.642.3.1130"],
      "uses" : {
      },
      "StructureDefinition-NesPatient.html" : "NES Patient"
    },
    {
      "url" : "http://hl7.org/fhir/ValueSet/practitioner-role",
      "version" : "4.0.1",
      "status" : "draft",
      "name" : "PractitionerRole",
      "title" : "Practitioner role",
      "description" : "This example value set defines a set of codes that can be used to indicate the role of a Practitioner.",
      "systems" : [
        "http://terminology.hl7.org/CodeSystem/practitioner-role",
        "http://snomed.info/sct"
      ],
      "oids" : ["2.16.840.1.113883.4.642.3.439"],
      "sources" : ["2.16.840.1.113883.4.642.3.439"],
      "uses" : {
      },
      "StructureDefinition-NesPractitionerRole.html" : "NES PractitionerRole"
    },
    {
      "url" : "http://hl7.org/fhir/ValueSet/security-labels",
      "version" : "4.0.1",
      "status" : "active",
      "name" : "All Security Labels",
      "title" : "SecurityLabels",
      "description" : "A single value set for all security labels defined by FHIR.",
      "systems" : [
        "http://terminology.hl7.org/CodeSystem/v3-ActReason",
        "http://terminology.hl7.org/CodeSystem/v3-ActUSPrivacyLaw",
        "http://terminology.hl7.org/CodeSystem/v3-ObservationValue",
        "http://terminology.hl7.org/CodeSystem/v3-ActCode",
        "http://terminology.hl7.org/CodeSystem/v3-Confidentiality"
      ],
      "oids" : ["2.16.840.1.113883.4.642.3.47"],
      "sources" : ["2.16.840.1.113883.4.642.3.47"],
      "uses" : {
      },
      "StructureDefinition-NesEnrolment.html" : "NES Enrolment"
    },
    {
      "url" : "http://hl7.org/fhir/ValueSet/service-type",
      "version" : "4.0.1",
      "status" : "draft",
      "name" : "ServiceType",
      "title" : "Service type",
      "description" : "This value set defines an example set of codes of service-types.",
      "systems" : ["http://terminology.hl7.org/CodeSystem/service-type"],
      "oids" : ["2.16.840.1.113883.4.642.3.518"],
      "sources" : ["2.16.840.1.113883.4.642.3.518"],
      "uses" : {
      },
      "StructureDefinition-NesEncounter.html" : "NesEncounter"
    },
    {
      "url" : "http://hl7.org/fhir/ValueSet/subscriber-relationship",
      "version" : "4.0.1",
      "status" : "draft",
      "name" : "SubscriberRelationshipCodes",
      "title" : "SubscriberPolicyholder Relationship Codes",
      "description" : "This value set includes codes for the relationship between the Subscriber and the Beneficiary (insured/covered party/patient).",
      "systems" : [
        "http://terminology.hl7.org/CodeSystem/subscriber-relationship"
      ],
      "oids" : ["2.16.840.1.113883.4.642.3.1385"],
      "sources" : ["2.16.840.1.113883.4.642.3.1385"],
      "uses" : {
      },
      "StructureDefinition-NesEntitlement.html" : "NES Entitlements"
    },
    {
      "url" : "http://terminology.hl7.org/ValueSet/v2-0092",
      "version" : "2.0.0",
      "status" : "active",
      "name" : "Hl7VSReAdmissionIndicator",
      "title" : "hl7VS-re-admissionIndicator",
      "description" : "Value Set of codes which are used to specify that a patient is being re-admitted to a healthcare facility from which they were discharged, and indicates the circumstances around such re-admission.",
      "systems" : ["http://terminology.hl7.org/CodeSystem/v2-0092"],
      "oids" : ["2.16.840.1.113883.21.40"],
      "sources" : ["2.16.840.1.113883.21.40"],
      "uses" : {
      },
      "StructureDefinition-NesEncounter.html" : "NesEncounter"
    },
    {
      "url" : "http://terminology.hl7.org/ValueSet/v3-ActEncounterCode",
      "version" : "3.0.0",
      "status" : "active",
      "name" : "ActEncounterCode",
      "title" : "ActEncounterCode",
      "description" : "Domain provides codes that qualify the ActEncounterClass (ENC)",
      "systems" : ["http://terminology.hl7.org/CodeSystem/v3-ActCode"],
      "oids" : ["2.16.840.1.113883.1.11.13955"],
      "sources" : ["2.16.840.1.113883.1.11.13955"],
      "uses" : {
      },
      "StructureDefinition-NesEncounter.html" : "NesEncounter"
    },
    {
      "url" : "http://terminology.hl7.org/ValueSet/v3-ActPriority",
      "version" : "3.0.0",
      "status" : "active",
      "name" : "ActPriority",
      "title" : "ActPriority",
      "description" : "A code or set of codes (e.g., for routine, emergency,) specifying the urgency under which the Act happened, can happen, is happening, is intended to happen, or is requested/demanded to happen.\r\n\r\n*Discussion:* This attribute is used in orders to indicate the ordered priority, and in event documentation it indicates the actual priority used to perform the act. In definition mood it indicates the available priorities.",
      "systems" : ["http://terminology.hl7.org/CodeSystem/v3-ActPriority"],
      "oids" : ["2.16.840.1.113883.1.11.16866"],
      "sources" : ["2.16.840.1.113883.1.11.16866"],
      "uses" : {
      },
      "StructureDefinition-NesEncounter.html" : "NesEncounter"
    },
    {
      "url" : "https://nzhts.digital.health.nz/fhir/ValueSet/coverage-category-code",
      "version" : "1.0.0",
      "status" : "active",
      "name" : "CoverageCategory",
      "title" : "Coverage Category",
      "description" : "New Zealand codes for Coverage category types",
      "systems" : [
        "https://standards.digital.health.nz/ns/coverage-category-code"
      ],
      "uses" : {
      },
      "StructureDefinition-NesEntitlement.html" : "NES Entitlements"
    },
    {
      "url" : "https://nzhts.digital.health.nz/fhir/ValueSet/coverage-type-code",
      "version" : "1.1.0",
      "status" : "active",
      "name" : "CoverageType",
      "title" : "Coverage Type",
      "description" : "New Zealand codes for Coverage Types",
      "systems" : ["https://standards.digital.health.nz/ns/coverage-type-code"],
      "uses" : {
      },
      "StructureDefinition-NesEntitlement.html" : "NES Entitlements"
    },
    {
      "url" : "https://nzhts.digital.health.nz/fhir/ValueSet/nes-enrolment-termination-reason",
      "version" : "1.0",
      "status" : "active",
      "name" : "Nes_enrolment_termination_reason",
      "title" : "NES Enrolment Termination Reason ",
      "description" : "A code to describe the reason the enrolment has ended",
      "systems" : [
        "https://standards.digital.health.nz/nes-enrolment-termination-reason"
      ],
      "uses" : {
      },
      "StructureDefinition-NesEnrolment.html" : "NES Enrolment",
      "StructureDefinition-nes-enrolment-termination-reason.html" : "Nes_enrolment_termination_reason"
    },
    {
      "url" : "https://nzhts.digital.health.nz/fhir/ValueSet/nes-enrolment-type",
      "version" : "1.0",
      "status" : "active",
      "name" : "Nes_enrolment_type",
      "title" : "NES Enrolment Type",
      "description" : "Describes the type of health service which the enrolment is for",
      "systems" : ["https://standards.digital.health.nz/nes-enrolment-type"],
      "uses" : {
      },
      "StructureDefinition-NesEnrolment.html" : "NES Enrolment"
    },
    {
      "url" : "https://nzhts.digital.health.nz/fhir/ValueSet/nes-entitlement-identifier-code",
      "version" : "1.0",
      "status" : "active",
      "name" : "Nes_Entitlement_Identifier",
      "title" : "NES Entitlement System Identifiers",
      "description" : "A list of the identifiers of entitlement issuers authorities.",
      "systems" : [
        "https://standards.digital.health.nz/ns/nes-entitlement-identifier-code"
      ],
      "uses" : {
      },
      "StructureDefinition-NesEntitlement.html" : "NES Entitlements"
    },
    {
      "url" : "https://nzhts.digital.health.nz/fhir/ValueSet/nes-episode-of-care-status",
      "version" : "1.0",
      "status" : "active",
      "name" : "Nes_episode_of_care_status",
      "title" : "NES Enrolment Status",
      "description" : "NES Enrolment Status",
      "systems" : ["http://hl7.org/fhir/episode-of-care-status"],
      "uses" : {
      },
      "StructureDefinition-NesEnrolment.html" : "NES Enrolment"
    },
    {
      "url" : "https://nzhts.digital.health.nz/fhir/ValueSet/nhi-use-code",
      "version" : "2.0.0",
      "status" : "active",
      "name" : "NHIUse",
      "title" : "Valid use values for NHI",
      "description" : "NHI Use codes",
      "systems" : ["http://hl7.org/fhir/identifier-use"],
      "uses" : {
      },
      "StructureDefinition-NesPatient.html" : "NES Patient"
    }
  ]
}
