<?xml version="1.0" encoding="UTF-8"?>

<ValueSet xmlns="http://hl7.org/fhir">
  <id value="enrolment-nomination-result-1.0"/>
  <text>
    <status value="generated"/><div xmlns="http://www.w3.org/1999/xhtml"><ul><li>Include all codes defined in <a href="CodeSystem-enrolment-nomination-result-1.0.html"><code>https://standards.digital.health.nz/ns/enrolment-nomination-result</code></a></li></ul></div>
  </text>
  <url value="https://nzhts.digital.health.nz/fhir/ValueSet/enrolment-nomination-result"/>
  <version value="1.0.0-SNAPSHOT"/>
  <name value="Enrolment_nomination_result"/>
  <title value="Enrolment Nomination Result Code"/>
  <status value="active"/>
  <date value="2023-06-22T02:14:23+00:00"/>
  <publisher value="Te Whatu Ora"/>
  <contact>
    <name value="Te Whatu Ora"/>
    <telecom>
      <system value="email"/>
      <value value="mailto:integration@health.govt.nz"/>
    </telecom>
  </contact>
  <description value="Enrolment Nomination Result Code."/>
  <compose>
    <include>
      <system value="https://standards.digital.health.nz/ns/enrolment-nomination-result"/>
    </include>
  </compose>
</ValueSet>