<?xml version="1.0" encoding="UTF-8"?>

<ValueSet xmlns="http://hl7.org/fhir">
  <id value="nes-enrolment-termination-reason-1.0"/>
  <meta>
    <profile value="http://hl7.org/fhir/StructureDefinition/shareablecodesystem"/>
  </meta>
  <text>
    <status value="generated"/><div xmlns="http://www.w3.org/1999/xhtml">Placeholder</div>
  </text>
  <url value="https://nzhts.digital.health.nz/fhir/ValueSet/nes-enrolment-termination-reason"/>
  <version value="1.0.0-SNAPSHOT"/>
  <name value="Nes_enrolment_termination_reason"/>
  <title value="NES Enrolment Type"/>
  <status value="active"/>
  <experimental value="false"/>
  <date value="2023-08-23T00:00:00+13:00"/>
  <publisher value="Te Whatu Ora"/>
  <contact>
    <name value="Te Whatu Ora"/>
    <telecom>
      <system value="email"/>
      <value value="mailto:integration@health.govt.nz"/>
    </telecom>
  </contact>
  <description value="A code to describe the reason the enrolment has ended"/>
  <purpose value="For use with NES Enrolments"/>
  <compose>
    <include>
      <system value="https://standards.digital.health.nz/nes-enrolment-termination-reason"/>
      <version value="1.0"/>
    </include>
  </compose>
</ValueSet>