{
  "resourceType" : "ValueSet",
  "id" : "enrolment-nomination-result-1.0",
  "text" : {
    "status" : "generated",
    "div" : "<div xmlns=\"http://www.w3.org/1999/xhtml\"><ul><li>Include all codes defined in <a href=\"CodeSystem-enrolment-nomination-result-1.0.html\"><code>https://standards.digital.health.nz/ns/enrolment-nomination-result</code></a></li></ul></div>"
  },
  "url" : "https://nzhts.digital.health.nz/fhir/ValueSet/enrolment-nomination-result",
  "version" : "1.0.0-SNAPSHOT",
  "name" : "Enrolment_nomination_result",
  "title" : "Enrolment Nomination Result Code",
  "status" : "active",
  "date" : "2023-05-30T04:35:33+00:00",
  "publisher" : "Te Whatu Ora",
  "contact" : [{
    "name" : "Te Whatu Ora",
    "telecom" : [{
      "system" : "email",
      "value" : "mailto:integration@health.govt.nz"
    }]
  }],
  "description" : "Enrolment Nomination Result Code.",
  "compose" : {
    "include" : [{
      "system" : "https://standards.digital.health.nz/ns/enrolment-nomination-result"
    }]
  }
}