<?xml version="1.0" encoding="UTF-8"?>

<ValueSet xmlns="http://hl7.org/fhir">
  <id value="nes-episode-of-care-status-1.0"/>
  <meta>
    <profile value="http://hl7.org/fhir/StructureDefinition/shareablevalueset"/>
  </meta>
  <text>
    <status value="generated"/><div xmlns="http://www.w3.org/1999/xhtml"><ul><li>Include codes from <code>http://hl7.org/fhir/ValueSet/episode-of-care-status</code> where code  in  active,finished,waitlist,planned</li></ul></div>
  </text>
  <url value="https://nzhts.digital.health.nz/fhir/ValueSet/nes-episode-of-care-status"/>
  <version value="1.1.0-SNAPSHOT"/>
  <name value="Nes_episode_of_care_status"/>
  <title value="NES Enrolment Status"/>
  <status value="active"/>
  <experimental value="false"/>
  <date value="2023-10-09T00:00:00+13:00"/>
  <publisher value="Te Whatu Ora"/>
  <contact>
    <name value="Te Whatu Ora"/>
    <telecom>
      <system value="email"/>
      <value value="mailto:integration@health.govt.nz"/>
    </telecom>
  </contact>
  <description value="NES Enrolment Status"/>
  <purpose value="A coded value for the status of an enrolment ."/>
  <compose>
    <include>
      <system value="http://hl7.org/fhir/ValueSet/episode-of-care-status"/>
      <filter>
        <property value="code"/>
        <op value="in"/>
        <value value="active,finished,waitlist,planned"/>
      </filter>
    </include>
  </compose>
</ValueSet>